"Survey","RowID","AOU","X","Y","RouteID","Date","Count","Occ","NStopPos","NSppObs"
"BBS",1,"ABDU",-75.6860679,39.5003037,"840_21_1","2016-06-12",0,0,0,61
"BBS",2,"CAGO",-75.6860679,39.5003037,"840_21_1","2016-06-12",8,1,1,61
"BBS",3,"MALL",-75.6860679,39.5003037,"840_21_1","2016-06-12",1,1,1,61
"BBS",4,"RUDU",-75.6860679,39.5003037,"840_21_1","2016-06-12",0,0,0,61
"BBS",5,"WODU",-75.6860679,39.5003037,"840_21_1","2016-06-12",0,0,0,61
"BBS",6,"ABDU",-75.6860679,39.5003037,"840_21_1","2018-06-10",0,0,0,55
"BBS",7,"CAGO",-75.6860679,39.5003037,"840_21_1","2018-06-10",11,1,2,55
"BBS",8,"MALL",-75.6860679,39.5003037,"840_21_1","2018-06-10",10,1,1,55
"BBS",9,"RUDU",-75.6860679,39.5003037,"840_21_1","2018-06-10",1,1,1,55
"BBS",10,"WODU",-75.6860679,39.5003037,"840_21_1","2018-06-10",1,1,1,55
"BBS",11,"ABDU",-75.6860679,39.5003037,"840_21_1","2019-06-02",0,0,0,52
"BBS",12,"CAGO",-75.6860679,39.5003037,"840_21_1","2019-06-02",25,1,2,52
"BBS",13,"MALL",-75.6860679,39.5003037,"840_21_1","2019-06-02",10,1,2,52
"BBS",14,"RUDU",-75.6860679,39.5003037,"840_21_1","2019-06-02",0,0,0,52
"BBS",15,"WODU",-75.6860679,39.5003037,"840_21_1","2019-06-02",0,0,0,52
"BBS",16,"ABDU",-75.2899489,38.7480537,"840_21_10","2016-06-26",0,0,0,59
"BBS",17,"CAGO",-75.2899489,38.7480537,"840_21_10","2016-06-26",32,1,1,59
"BBS",18,"MALL",-75.2899489,38.7480537,"840_21_10","2016-06-26",0,0,0,59
"BBS",19,"RUDU",-75.2899489,38.7480537,"840_21_10","2016-06-26",0,0,0,59
"BBS",20,"WODU",-75.2899489,38.7480537,"840_21_10","2016-06-26",1,1,1,59
"BBS",21,"ABDU",-75.6392639,39.3705837,"840_21_105","2017-06-10",0,0,0,83
"BBS",22,"CAGO",-75.6392639,39.3705837,"840_21_105","2017-06-10",17,1,4,83
"BBS",23,"MALL",-75.6392639,39.3705837,"840_21_105","2017-06-10",3,1,2,83
"BBS",24,"RUDU",-75.6392639,39.3705837,"840_21_105","2017-06-10",0,0,0,83
"BBS",25,"WODU",-75.6392639,39.3705837,"840_21_105","2017-06-10",1,1,1,83
"BBS",26,"ABDU",-75.6392639,39.3705837,"840_21_105","2018-06-17",0,0,0,77
"BBS",27,"CAGO",-75.6392639,39.3705837,"840_21_105","2018-06-17",6,1,3,77
"BBS",28,"MALL",-75.6392639,39.3705837,"840_21_105","2018-06-17",4,1,3,77
"BBS",29,"RUDU",-75.6392639,39.3705837,"840_21_105","2018-06-17",0,0,0,77
"BBS",30,"WODU",-75.6392639,39.3705837,"840_21_105","2018-06-17",0,0,0,77
"BBS",31,"ABDU",-75.6392639,39.3705837,"840_21_105","2019-06-15",0,0,0,72
"BBS",32,"CAGO",-75.6392639,39.3705837,"840_21_105","2019-06-15",27,1,4,72
"BBS",33,"MALL",-75.6392639,39.3705837,"840_21_105","2019-06-15",13,1,2,72
"BBS",34,"RUDU",-75.6392639,39.3705837,"840_21_105","2019-06-15",0,0,0,72
"BBS",35,"WODU",-75.6392639,39.3705837,"840_21_105","2019-06-15",0,0,0,72
"BBS",36,"ABDU",-75.6392639,39.3705837,"840_21_105","2021-06-20",0,0,0,89
"BBS",37,"CAGO",-75.6392639,39.3705837,"840_21_105","2021-06-20",69,1,2,89
"BBS",38,"MALL",-75.6392639,39.3705837,"840_21_105","2021-06-20",8,1,1,89
"BBS",39,"RUDU",-75.6392639,39.3705837,"840_21_105","2021-06-20",0,0,0,89
"BBS",40,"WODU",-75.6392639,39.3705837,"840_21_105","2021-06-20",0,0,0,89
"BBS",41,"ABDU",-75.276335,38.563044,"840_21_106","2017-06-28",0,0,0,67
"BBS",42,"CAGO",-75.276335,38.563044,"840_21_106","2017-06-28",0,0,0,67
"BBS",43,"MALL",-75.276335,38.563044,"840_21_106","2017-06-28",0,0,0,67
"BBS",44,"RUDU",-75.276335,38.563044,"840_21_106","2017-06-28",0,0,0,67
"BBS",45,"WODU",-75.276335,38.563044,"840_21_106","2017-06-28",0,0,0,67
"BBS",46,"ABDU",-75.276335,38.563044,"840_21_106","2019-06-25",0,0,0,57
"BBS",47,"CAGO",-75.276335,38.563044,"840_21_106","2019-06-25",0,0,0,57
"BBS",48,"MALL",-75.276335,38.563044,"840_21_106","2019-06-25",0,0,0,57
"BBS",49,"RUDU",-75.276335,38.563044,"840_21_106","2019-06-25",0,0,0,57
"BBS",50,"WODU",-75.276335,38.563044,"840_21_106","2019-06-25",0,0,0,57
"BBS",51,"ABDU",-75.2351111,38.6736346,"840_21_107","2016-06-24",0,0,0,60
"BBS",52,"CAGO",-75.2351111,38.6736346,"840_21_107","2016-06-24",0,0,0,60
"BBS",53,"MALL",-75.2351111,38.6736346,"840_21_107","2016-06-24",0,0,0,60
"BBS",54,"RUDU",-75.2351111,38.6736346,"840_21_107","2016-06-24",0,0,0,60
"BBS",55,"WODU",-75.2351111,38.6736346,"840_21_107","2016-06-24",1,1,1,60
"BBS",56,"ABDU",-75.2351111,38.6736346,"840_21_107","2018-07-05",0,0,0,62
"BBS",57,"CAGO",-75.2351111,38.6736346,"840_21_107","2018-07-05",3,1,1,62
"BBS",58,"MALL",-75.2351111,38.6736346,"840_21_107","2018-07-05",0,0,0,62
"BBS",59,"RUDU",-75.2351111,38.6736346,"840_21_107","2018-07-05",0,0,0,62
"BBS",60,"WODU",-75.2351111,38.6736346,"840_21_107","2018-07-05",0,0,0,62
"BBS",61,"ABDU",-75.2351111,38.6736346,"840_21_107","2019-07-04",0,0,0,63
"BBS",62,"CAGO",-75.2351111,38.6736346,"840_21_107","2019-07-04",2,1,1,63
"BBS",63,"MALL",-75.2351111,38.6736346,"840_21_107","2019-07-04",5,1,1,63
"BBS",64,"RUDU",-75.2351111,38.6736346,"840_21_107","2019-07-04",0,0,0,63
"BBS",65,"WODU",-75.2351111,38.6736346,"840_21_107","2019-07-04",0,0,0,63
"BBS",66,"ABDU",-75.4329919,38.5040677,"840_21_108","2016-06-11",0,0,0,78
"BBS",67,"CAGO",-75.4329919,38.5040677,"840_21_108","2016-06-11",29,1,2,78
"BBS",68,"MALL",-75.4329919,38.5040677,"840_21_108","2016-06-11",0,0,0,78
"BBS",69,"RUDU",-75.4329919,38.5040677,"840_21_108","2016-06-11",0,0,0,78
"BBS",70,"WODU",-75.4329919,38.5040677,"840_21_108","2016-06-11",0,0,0,78
"BBS",71,"ABDU",-75.4638509,38.7324037,"840_21_109","2016-06-20",0,0,0,53
"BBS",72,"CAGO",-75.4638509,38.7324037,"840_21_109","2016-06-20",0,0,0,53
"BBS",73,"MALL",-75.4638509,38.7324037,"840_21_109","2016-06-20",0,0,0,53
"BBS",74,"RUDU",-75.4638509,38.7324037,"840_21_109","2016-06-20",0,0,0,53
"BBS",75,"WODU",-75.4638509,38.7324037,"840_21_109","2016-06-20",0,0,0,53
"BBS",76,"ABDU",-75.4638509,38.7324037,"840_21_109","2017-06-10",0,0,0,72
"BBS",77,"CAGO",-75.4638509,38.7324037,"840_21_109","2017-06-10",0,0,0,72
"BBS",78,"MALL",-75.4638509,38.7324037,"840_21_109","2017-06-10",0,0,0,72
"BBS",79,"RUDU",-75.4638509,38.7324037,"840_21_109","2017-06-10",0,0,0,72
"BBS",80,"WODU",-75.4638509,38.7324037,"840_21_109","2017-06-10",0,0,0,72
"BBS",81,"ABDU",-75.4638509,38.7324037,"840_21_109","2018-06-17",0,0,0,69
"BBS",82,"CAGO",-75.4638509,38.7324037,"840_21_109","2018-06-17",0,0,0,69
"BBS",83,"MALL",-75.4638509,38.7324037,"840_21_109","2018-06-17",3,1,1,69
"BBS",84,"RUDU",-75.4638509,38.7324037,"840_21_109","2018-06-17",0,0,0,69
"BBS",85,"WODU",-75.4638509,38.7324037,"840_21_109","2018-06-17",0,0,0,69
"BBS",86,"ABDU",-75.4638509,38.7324037,"840_21_109","2019-06-23",0,0,0,63
"BBS",87,"CAGO",-75.4638509,38.7324037,"840_21_109","2019-06-23",0,0,0,63
"BBS",88,"MALL",-75.4638509,38.7324037,"840_21_109","2019-06-23",0,0,0,63
"BBS",89,"RUDU",-75.4638509,38.7324037,"840_21_109","2019-06-23",0,0,0,63
"BBS",90,"WODU",-75.4638509,38.7324037,"840_21_109","2019-06-23",0,0,0,63
"BBS",91,"ABDU",-75.4638509,38.7324037,"840_21_109","2021-06-20",0,0,0,67
"BBS",92,"CAGO",-75.4638509,38.7324037,"840_21_109","2021-06-20",0,0,0,67
"BBS",93,"MALL",-75.4638509,38.7324037,"840_21_109","2021-06-20",0,0,0,67
"BBS",94,"RUDU",-75.4638509,38.7324037,"840_21_109","2021-06-20",0,0,0,67
"BBS",95,"WODU",-75.4638509,38.7324037,"840_21_109","2021-06-20",1,1,1,67
"BBS",96,"ABDU",-75.338982,38.999412,"840_21_110","2017-06-16",0,0,0,74
"BBS",97,"CAGO",-75.338982,38.999412,"840_21_110","2017-06-16",0,0,0,74
"BBS",98,"MALL",-75.338982,38.999412,"840_21_110","2017-06-16",0,0,0,74
"BBS",99,"RUDU",-75.338982,38.999412,"840_21_110","2017-06-16",0,0,0,74
"BBS",100,"WODU",-75.338982,38.999412,"840_21_110","2017-06-16",0,0,0,74
"BBS",101,"ABDU",-75.4329919,38.5040677,"840_21_208","2017-06-09",0,0,0,78
"BBS",102,"CAGO",-75.4329919,38.5040677,"840_21_208","2017-06-09",0,0,0,78
"BBS",103,"MALL",-75.4329919,38.5040677,"840_21_208","2017-06-09",0,0,0,78
"BBS",104,"RUDU",-75.4329919,38.5040677,"840_21_208","2017-06-09",0,0,0,78
"BBS",105,"WODU",-75.4329919,38.5040677,"840_21_208","2017-06-09",0,0,0,78
"BBS",106,"ABDU",-75.4329919,38.5040677,"840_21_208","2018-06-24",0,0,0,73
"BBS",107,"CAGO",-75.4329919,38.5040677,"840_21_208","2018-06-24",0,0,0,73
"BBS",108,"MALL",-75.4329919,38.5040677,"840_21_208","2018-06-24",2,1,1,73
"BBS",109,"RUDU",-75.4329919,38.5040677,"840_21_208","2018-06-24",0,0,0,73
"BBS",110,"WODU",-75.4329919,38.5040677,"840_21_208","2018-06-24",0,0,0,73
"BBS",111,"ABDU",-75.4329919,38.5040677,"840_21_208","2019-05-26",0,0,0,81
"BBS",112,"CAGO",-75.4329919,38.5040677,"840_21_208","2019-05-26",30,1,4,81
"BBS",113,"MALL",-75.4329919,38.5040677,"840_21_208","2019-05-26",0,0,0,81
"BBS",114,"RUDU",-75.4329919,38.5040677,"840_21_208","2019-05-26",0,0,0,81
"BBS",115,"WODU",-75.4329919,38.5040677,"840_21_208","2019-05-26",1,1,1,81
"BBS",116,"ABDU",-75.4329919,38.5040677,"840_21_208","2021-06-13",0,0,0,76
"BBS",117,"CAGO",-75.4329919,38.5040677,"840_21_208","2021-06-13",0,0,0,76
"BBS",118,"MALL",-75.4329919,38.5040677,"840_21_208","2021-06-13",0,0,0,76
"BBS",119,"RUDU",-75.4329919,38.5040677,"840_21_208","2021-06-13",0,0,0,76
"BBS",120,"WODU",-75.4329919,38.5040677,"840_21_208","2021-06-13",0,0,0,76
"BBS",121,"ABDU",-75.5366119,38.9594417,"840_21_3","2016-06-04",1,1,1,89
"BBS",122,"CAGO",-75.5366119,38.9594417,"840_21_3","2016-06-04",70,1,6,89
"BBS",123,"MALL",-75.5366119,38.9594417,"840_21_3","2016-06-04",16,1,5,89
"BBS",124,"RUDU",-75.5366119,38.9594417,"840_21_3","2016-06-04",0,0,0,89
"BBS",125,"WODU",-75.5366119,38.9594417,"840_21_3","2016-06-04",1,1,1,89
"BBS",126,"ABDU",-75.5366119,38.9594417,"840_21_3","2017-06-11",0,0,0,89
"BBS",127,"CAGO",-75.5366119,38.9594417,"840_21_3","2017-06-11",55,1,4,89
"BBS",128,"MALL",-75.5366119,38.9594417,"840_21_3","2017-06-11",0,0,0,89
"BBS",129,"RUDU",-75.5366119,38.9594417,"840_21_3","2017-06-11",0,0,0,89
"BBS",130,"WODU",-75.5366119,38.9594417,"840_21_3","2017-06-11",0,0,0,89
"BBS",131,"ABDU",-75.5366119,38.9594417,"840_21_3","2018-06-10",0,0,0,81
"BBS",132,"CAGO",-75.5366119,38.9594417,"840_21_3","2018-06-10",50,1,3,81
"BBS",133,"MALL",-75.5366119,38.9594417,"840_21_3","2018-06-10",3,1,3,81
"BBS",134,"RUDU",-75.5366119,38.9594417,"840_21_3","2018-06-10",0,0,0,81
"BBS",135,"WODU",-75.5366119,38.9594417,"840_21_3","2018-06-10",2,1,2,81
"BBS",136,"ABDU",-75.5366119,38.9594417,"840_21_3","2019-06-16",0,0,0,83
"BBS",137,"CAGO",-75.5366119,38.9594417,"840_21_3","2019-06-16",0,0,0,83
"BBS",138,"MALL",-75.5366119,38.9594417,"840_21_3","2019-06-16",3,1,2,83
"BBS",139,"RUDU",-75.5366119,38.9594417,"840_21_3","2019-06-16",0,0,0,83
"BBS",140,"WODU",-75.5366119,38.9594417,"840_21_3","2019-06-16",0,0,0,83
"BBS",141,"ABDU",-75.5366119,38.9594417,"840_21_3","2021-05-31",0,0,0,89
"BBS",142,"CAGO",-75.5366119,38.9594417,"840_21_3","2021-05-31",38,1,4,89
"BBS",143,"MALL",-75.5366119,38.9594417,"840_21_3","2021-05-31",9,1,3,89
"BBS",144,"RUDU",-75.5366119,38.9594417,"840_21_3","2021-05-31",0,0,0,89
"BBS",145,"WODU",-75.5366119,38.9594417,"840_21_3","2021-05-31",1,1,1,89
"BBS",146,"ABDU",-77.0930269,39.1514457,"840_46_11","2016-05-29",0,0,0,80
"BBS",147,"CAGO",-77.0930269,39.1514457,"840_46_11","2016-05-29",49,1,11,80
"BBS",148,"MALL",-77.0930269,39.1514457,"840_46_11","2016-05-29",5,1,3,80
"BBS",149,"RUDU",-77.0930269,39.1514457,"840_46_11","2016-05-29",0,0,0,80
"BBS",150,"WODU",-77.0930269,39.1514457,"840_46_11","2016-05-29",1,1,1,80
"BBS",151,"ABDU",-77.0930269,39.1514457,"840_46_11","2017-06-04",0,0,0,80
"BBS",152,"CAGO",-77.0930269,39.1514457,"840_46_11","2017-06-04",32,1,6,80
"BBS",153,"MALL",-77.0930269,39.1514457,"840_46_11","2017-06-04",0,0,0,80
"BBS",154,"RUDU",-77.0930269,39.1514457,"840_46_11","2017-06-04",0,0,0,80
"BBS",155,"WODU",-77.0930269,39.1514457,"840_46_11","2017-06-04",0,0,0,80
"BBS",156,"ABDU",-77.0930269,39.1514457,"840_46_11","2018-07-02",0,0,0,73
"BBS",157,"CAGO",-77.0930269,39.1514457,"840_46_11","2018-07-02",33,1,3,73
"BBS",158,"MALL",-77.0930269,39.1514457,"840_46_11","2018-07-02",2,1,1,73
"BBS",159,"RUDU",-77.0930269,39.1514457,"840_46_11","2018-07-02",0,0,0,73
"BBS",160,"WODU",-77.0930269,39.1514457,"840_46_11","2018-07-02",0,0,0,73
"BBS",161,"ABDU",-77.0930269,39.1514457,"840_46_11","2019-06-02",0,0,0,76
"BBS",162,"CAGO",-77.0930269,39.1514457,"840_46_11","2019-06-02",28,1,7,76
"BBS",163,"MALL",-77.0930269,39.1514457,"840_46_11","2019-06-02",1,1,1,76
"BBS",164,"RUDU",-77.0930269,39.1514457,"840_46_11","2019-06-02",0,0,0,76
"BBS",165,"WODU",-77.0930269,39.1514457,"840_46_11","2019-06-02",1,1,1,76
"BBS",166,"ABDU",-77.0930269,39.1514457,"840_46_11","2021-06-06",0,0,0,74
"BBS",167,"CAGO",-77.0930269,39.1514457,"840_46_11","2021-06-06",28,1,2,74
"BBS",168,"MALL",-77.0930269,39.1514457,"840_46_11","2021-06-06",0,0,0,74
"BBS",169,"RUDU",-77.0930269,39.1514457,"840_46_11","2021-06-06",0,0,0,74
"BBS",170,"WODU",-77.0930269,39.1514457,"840_46_11","2021-06-06",0,0,0,74
"BBS",171,"ABDU",-77.0169099,39.0308897,"840_46_110","2016-05-29",0,0,0,59
"BBS",172,"CAGO",-77.0169099,39.0308897,"840_46_110","2016-05-29",33,1,6,59
"BBS",173,"MALL",-77.0169099,39.0308897,"840_46_110","2016-05-29",1,1,1,59
"BBS",174,"RUDU",-77.0169099,39.0308897,"840_46_110","2016-05-29",0,0,0,59
"BBS",175,"WODU",-77.0169099,39.0308897,"840_46_110","2016-05-29",0,0,0,59
"BBS",176,"ABDU",-77.0169099,39.0308897,"840_46_110","2017-06-25",0,0,0,51
"BBS",177,"CAGO",-77.0169099,39.0308897,"840_46_110","2017-06-25",10,1,1,51
"BBS",178,"MALL",-77.0169099,39.0308897,"840_46_110","2017-06-25",0,0,0,51
"BBS",179,"RUDU",-77.0169099,39.0308897,"840_46_110","2017-06-25",0,0,0,51
"BBS",180,"WODU",-77.0169099,39.0308897,"840_46_110","2017-06-25",0,0,0,51
"BBS",181,"ABDU",-77.0169099,39.0308897,"840_46_110","2018-06-17",0,0,0,52
"BBS",182,"CAGO",-77.0169099,39.0308897,"840_46_110","2018-06-17",12,1,1,52
"BBS",183,"MALL",-77.0169099,39.0308897,"840_46_110","2018-06-17",0,0,0,52
"BBS",184,"RUDU",-77.0169099,39.0308897,"840_46_110","2018-06-17",0,0,0,52
"BBS",185,"WODU",-77.0169099,39.0308897,"840_46_110","2018-06-17",0,0,0,52
"BBS",186,"ABDU",-77.0169099,39.0308897,"840_46_110","2019-06-23",0,0,0,58
"BBS",187,"CAGO",-77.0169099,39.0308897,"840_46_110","2019-06-23",1,1,1,58
"BBS",188,"MALL",-77.0169099,39.0308897,"840_46_110","2019-06-23",0,0,0,58
"BBS",189,"RUDU",-77.0169099,39.0308897,"840_46_110","2019-06-23",0,0,0,58
"BBS",190,"WODU",-77.0169099,39.0308897,"840_46_110","2019-06-23",0,0,0,58
"BBS",191,"ABDU",-77.3066703,39.2945828,"840_46_112","2016-06-10",0,0,0,75
"BBS",192,"CAGO",-77.3066703,39.2945828,"840_46_112","2016-06-10",30,1,4,75
"BBS",193,"MALL",-77.3066703,39.2945828,"840_46_112","2016-06-10",0,0,0,75
"BBS",194,"RUDU",-77.3066703,39.2945828,"840_46_112","2016-06-10",0,0,0,75
"BBS",195,"WODU",-77.3066703,39.2945828,"840_46_112","2016-06-10",0,0,0,75
"BBS",196,"ABDU",-77.3066703,39.2945828,"840_46_112","2017-06-02",0,0,0,77
"BBS",197,"CAGO",-77.3066703,39.2945828,"840_46_112","2017-06-02",42,1,2,77
"BBS",198,"MALL",-77.3066703,39.2945828,"840_46_112","2017-06-02",0,0,0,77
"BBS",199,"RUDU",-77.3066703,39.2945828,"840_46_112","2017-06-02",0,0,0,77
"BBS",200,"WODU",-77.3066703,39.2945828,"840_46_112","2017-06-02",0,0,0,77
"BBS",201,"ABDU",-77.3066703,39.2945828,"840_46_112","2018-06-07",0,0,0,78
"BBS",202,"CAGO",-77.3066703,39.2945828,"840_46_112","2018-06-07",16,1,2,78
"BBS",203,"MALL",-77.3066703,39.2945828,"840_46_112","2018-06-07",3,1,2,78
"BBS",204,"RUDU",-77.3066703,39.2945828,"840_46_112","2018-06-07",0,0,0,78
"BBS",205,"WODU",-77.3066703,39.2945828,"840_46_112","2018-06-07",0,0,0,78
"BBS",206,"ABDU",-77.3066703,39.2945828,"840_46_112","2019-06-16",0,0,0,76
"BBS",207,"CAGO",-77.3066703,39.2945828,"840_46_112","2019-06-16",5,1,2,76
"BBS",208,"MALL",-77.3066703,39.2945828,"840_46_112","2019-06-16",0,0,0,76
"BBS",209,"RUDU",-77.3066703,39.2945828,"840_46_112","2019-06-16",0,0,0,76
"BBS",210,"WODU",-77.3066703,39.2945828,"840_46_112","2019-06-16",1,1,1,76
"BBS",211,"ABDU",-77.3066703,39.2945828,"840_46_112","2021-06-27",0,0,0,71
"BBS",212,"CAGO",-77.3066703,39.2945828,"840_46_112","2021-06-27",16,1,2,71
"BBS",213,"MALL",-77.3066703,39.2945828,"840_46_112","2021-06-27",0,0,0,71
"BBS",214,"RUDU",-77.3066703,39.2945828,"840_46_112","2021-06-27",0,0,0,71
"BBS",215,"WODU",-77.3066703,39.2945828,"840_46_112","2021-06-27",0,0,0,71
"BBS",216,"ABDU",-76.6695275,38.9888945,"840_46_123","2016-05-29",0,0,0,66
"BBS",217,"CAGO",-76.6695275,38.9888945,"840_46_123","2016-05-29",0,0,0,66
"BBS",218,"MALL",-76.6695275,38.9888945,"840_46_123","2016-05-29",0,0,0,66
"BBS",219,"RUDU",-76.6695275,38.9888945,"840_46_123","2016-05-29",0,0,0,66
"BBS",220,"WODU",-76.6695275,38.9888945,"840_46_123","2016-05-29",0,0,0,66
"BBS",221,"ABDU",-76.6695275,38.9888945,"840_46_123","2017-05-28",0,0,0,64
"BBS",222,"CAGO",-76.6695275,38.9888945,"840_46_123","2017-05-28",10,1,3,64
"BBS",223,"MALL",-76.6695275,38.9888945,"840_46_123","2017-05-28",0,0,0,64
"BBS",224,"RUDU",-76.6695275,38.9888945,"840_46_123","2017-05-28",0,0,0,64
"BBS",225,"WODU",-76.6695275,38.9888945,"840_46_123","2017-05-28",0,0,0,64
"BBS",226,"ABDU",-76.6695275,38.9888945,"840_46_123","2018-05-27",0,0,0,65
"BBS",227,"CAGO",-76.6695275,38.9888945,"840_46_123","2018-05-27",4,1,3,65
"BBS",228,"MALL",-76.6695275,38.9888945,"840_46_123","2018-05-27",0,0,0,65
"BBS",229,"RUDU",-76.6695275,38.9888945,"840_46_123","2018-05-27",0,0,0,65
"BBS",230,"WODU",-76.6695275,38.9888945,"840_46_123","2018-05-27",0,0,0,65
"BBS",231,"ABDU",-76.6695275,38.9888945,"840_46_123","2019-05-26",0,0,0,66
"BBS",232,"CAGO",-76.6695275,38.9888945,"840_46_123","2019-05-26",12,1,2,66
"BBS",233,"MALL",-76.6695275,38.9888945,"840_46_123","2019-05-26",0,0,0,66
"BBS",234,"RUDU",-76.6695275,38.9888945,"840_46_123","2019-05-26",0,0,0,66
"BBS",235,"WODU",-76.6695275,38.9888945,"840_46_123","2019-05-26",0,0,0,66
"BBS",236,"ABDU",-76.6695275,38.9888945,"840_46_123","2021-05-31",0,0,0,68
"BBS",237,"CAGO",-76.6695275,38.9888945,"840_46_123","2021-05-31",34,1,5,68
"BBS",238,"MALL",-76.6695275,38.9888945,"840_46_123","2021-05-31",0,0,0,68
"BBS",239,"RUDU",-76.6695275,38.9888945,"840_46_123","2021-05-31",0,0,0,68
"BBS",240,"WODU",-76.6695275,38.9888945,"840_46_123","2021-05-31",0,0,0,68
"BBS",241,"ABDU",-76.8166667,38.7166667,"840_46_124","2016-06-12",0,0,0,65
"BBS",242,"CAGO",-76.8166667,38.7166667,"840_46_124","2016-06-12",6,1,1,65
"BBS",243,"MALL",-76.8166667,38.7166667,"840_46_124","2016-06-12",0,0,0,65
"BBS",244,"RUDU",-76.8166667,38.7166667,"840_46_124","2016-06-12",0,0,0,65
"BBS",245,"WODU",-76.8166667,38.7166667,"840_46_124","2016-06-12",0,0,0,65
"BBS",246,"ABDU",-76.8166667,38.7166667,"840_46_124","2017-06-04",0,0,0,62
"BBS",247,"CAGO",-76.8166667,38.7166667,"840_46_124","2017-06-04",2,1,1,62
"BBS",248,"MALL",-76.8166667,38.7166667,"840_46_124","2017-06-04",0,0,0,62
"BBS",249,"RUDU",-76.8166667,38.7166667,"840_46_124","2017-06-04",0,0,0,62
"BBS",250,"WODU",-76.8166667,38.7166667,"840_46_124","2017-06-04",0,0,0,62
"BBS",251,"ABDU",-76.8166667,38.7166667,"840_46_124","2018-06-17",0,0,0,68
"BBS",252,"CAGO",-76.8166667,38.7166667,"840_46_124","2018-06-17",0,0,0,68
"BBS",253,"MALL",-76.8166667,38.7166667,"840_46_124","2018-06-17",1,1,1,68
"BBS",254,"RUDU",-76.8166667,38.7166667,"840_46_124","2018-06-17",0,0,0,68
"BBS",255,"WODU",-76.8166667,38.7166667,"840_46_124","2018-06-17",0,0,0,68
"BBS",256,"ABDU",-76.8166667,38.7166667,"840_46_124","2019-06-16",0,0,0,60
"BBS",257,"CAGO",-76.8166667,38.7166667,"840_46_124","2019-06-16",0,0,0,60
"BBS",258,"MALL",-76.8166667,38.7166667,"840_46_124","2019-06-16",0,0,0,60
"BBS",259,"RUDU",-76.8166667,38.7166667,"840_46_124","2019-06-16",0,0,0,60
"BBS",260,"WODU",-76.8166667,38.7166667,"840_46_124","2019-06-16",0,0,0,60
"BBS",261,"ABDU",-76.8166667,38.7166667,"840_46_124","2021-06-06",0,0,0,65
"BBS",262,"CAGO",-76.8166667,38.7166667,"840_46_124","2021-06-06",32,1,1,65
"BBS",263,"MALL",-76.8166667,38.7166667,"840_46_124","2021-06-06",0,0,0,65
"BBS",264,"RUDU",-76.8166667,38.7166667,"840_46_124","2021-06-06",0,0,0,65
"BBS",265,"WODU",-76.8166667,38.7166667,"840_46_124","2021-06-06",0,0,0,65
"BBS",266,"ABDU",-76.5507449,38.4092014,"840_46_125","2016-06-19",0,0,0,60
"BBS",267,"CAGO",-76.5507449,38.4092014,"840_46_125","2016-06-19",0,0,0,60
"BBS",268,"MALL",-76.5507449,38.4092014,"840_46_125","2016-06-19",0,0,0,60
"BBS",269,"RUDU",-76.5507449,38.4092014,"840_46_125","2016-06-19",0,0,0,60
"BBS",270,"WODU",-76.5507449,38.4092014,"840_46_125","2016-06-19",0,0,0,60
"BBS",271,"ABDU",-76.5507449,38.4092014,"840_46_125","2017-06-11",0,0,0,66
"BBS",272,"CAGO",-76.5507449,38.4092014,"840_46_125","2017-06-11",0,0,0,66
"BBS",273,"MALL",-76.5507449,38.4092014,"840_46_125","2017-06-11",2,1,1,66
"BBS",274,"RUDU",-76.5507449,38.4092014,"840_46_125","2017-06-11",0,0,0,66
"BBS",275,"WODU",-76.5507449,38.4092014,"840_46_125","2017-06-11",0,0,0,66
"BBS",276,"ABDU",-76.5507449,38.4092014,"840_46_125","2018-06-24",0,0,0,59
"BBS",277,"CAGO",-76.5507449,38.4092014,"840_46_125","2018-06-24",0,0,0,59
"BBS",278,"MALL",-76.5507449,38.4092014,"840_46_125","2018-06-24",0,0,0,59
"BBS",279,"RUDU",-76.5507449,38.4092014,"840_46_125","2018-06-24",0,0,0,59
"BBS",280,"WODU",-76.5507449,38.4092014,"840_46_125","2018-06-24",0,0,0,59
"BBS",281,"ABDU",-76.5507449,38.4092014,"840_46_125","2019-06-16",0,0,0,59
"BBS",282,"CAGO",-76.5507449,38.4092014,"840_46_125","2019-06-16",5,1,2,59
"BBS",283,"MALL",-76.5507449,38.4092014,"840_46_125","2019-06-16",1,1,1,59
"BBS",284,"RUDU",-76.5507449,38.4092014,"840_46_125","2019-06-16",0,0,0,59
"BBS",285,"WODU",-76.5507449,38.4092014,"840_46_125","2019-06-16",0,0,0,59
"BBS",286,"ABDU",-76.5507449,38.4092014,"840_46_125","2021-06-13",0,0,0,65
"BBS",287,"CAGO",-76.5507449,38.4092014,"840_46_125","2021-06-13",7,1,1,65
"BBS",288,"MALL",-76.5507449,38.4092014,"840_46_125","2021-06-13",0,0,0,65
"BBS",289,"RUDU",-76.5507449,38.4092014,"840_46_125","2021-06-13",0,0,0,65
"BBS",290,"WODU",-76.5507449,38.4092014,"840_46_125","2021-06-13",0,0,0,65
"BBS",291,"ABDU",-76.5743599,38.5019497,"840_46_126","2016-05-29",0,0,0,63
"BBS",292,"CAGO",-76.5743599,38.5019497,"840_46_126","2016-05-29",5,1,1,63
"BBS",293,"MALL",-76.5743599,38.5019497,"840_46_126","2016-05-29",0,0,0,63
"BBS",294,"RUDU",-76.5743599,38.5019497,"840_46_126","2016-05-29",0,0,0,63
"BBS",295,"WODU",-76.5743599,38.5019497,"840_46_126","2016-05-29",0,0,0,63
"BBS",296,"ABDU",-76.5743599,38.5019497,"840_46_126","2017-05-28",0,0,0,66
"BBS",297,"CAGO",-76.5743599,38.5019497,"840_46_126","2017-05-28",0,0,0,66
"BBS",298,"MALL",-76.5743599,38.5019497,"840_46_126","2017-05-28",0,0,0,66
"BBS",299,"RUDU",-76.5743599,38.5019497,"840_46_126","2017-05-28",0,0,0,66
"BBS",300,"WODU",-76.5743599,38.5019497,"840_46_126","2017-05-28",0,0,0,66
"BBS",301,"ABDU",-76.5743599,38.5019497,"840_46_126","2018-06-17",0,0,0,68
"BBS",302,"CAGO",-76.5743599,38.5019497,"840_46_126","2018-06-17",5,1,1,68
"BBS",303,"MALL",-76.5743599,38.5019497,"840_46_126","2018-06-17",0,0,0,68
"BBS",304,"RUDU",-76.5743599,38.5019497,"840_46_126","2018-06-17",0,0,0,68
"BBS",305,"WODU",-76.5743599,38.5019497,"840_46_126","2018-06-17",0,0,0,68
"BBS",306,"ABDU",-76.5743599,38.5019497,"840_46_126","2019-05-26",0,0,0,64
"BBS",307,"CAGO",-76.5743599,38.5019497,"840_46_126","2019-05-26",0,0,0,64
"BBS",308,"MALL",-76.5743599,38.5019497,"840_46_126","2019-05-26",0,0,0,64
"BBS",309,"RUDU",-76.5743599,38.5019497,"840_46_126","2019-05-26",0,0,0,64
"BBS",310,"WODU",-76.5743599,38.5019497,"840_46_126","2019-05-26",0,0,0,64
"BBS",311,"ABDU",-76.5743599,38.5019497,"840_46_126","2021-06-06",0,0,0,60
"BBS",312,"CAGO",-76.5743599,38.5019497,"840_46_126","2021-06-06",0,0,0,60
"BBS",313,"MALL",-76.5743599,38.5019497,"840_46_126","2021-06-06",1,1,1,60
"BBS",314,"RUDU",-76.5743599,38.5019497,"840_46_126","2021-06-06",0,0,0,60
"BBS",315,"WODU",-76.5743599,38.5019497,"840_46_126","2021-06-06",0,0,0,60
"BBS",316,"ABDU",-77.0384304,39.516536,"840_46_13","2016-06-05",0,0,0,65
"BBS",317,"CAGO",-77.0384304,39.516536,"840_46_13","2016-06-05",9,1,2,65
"BBS",318,"MALL",-77.0384304,39.516536,"840_46_13","2016-06-05",1,1,1,65
"BBS",319,"RUDU",-77.0384304,39.516536,"840_46_13","2016-06-05",0,0,0,65
"BBS",320,"WODU",-77.0384304,39.516536,"840_46_13","2016-06-05",0,0,0,65
"BBS",321,"ABDU",-77.0384304,39.516536,"840_46_13","2017-06-03",0,0,0,59
"BBS",322,"CAGO",-77.0384304,39.516536,"840_46_13","2017-06-03",5,1,1,59
"BBS",323,"MALL",-77.0384304,39.516536,"840_46_13","2017-06-03",0,0,0,59
"BBS",324,"RUDU",-77.0384304,39.516536,"840_46_13","2017-06-03",0,0,0,59
"BBS",325,"WODU",-77.0384304,39.516536,"840_46_13","2017-06-03",0,0,0,59
"BBS",326,"ABDU",-77.0384304,39.516536,"840_46_13","2018-06-10",0,0,0,61
"BBS",327,"CAGO",-77.0384304,39.516536,"840_46_13","2018-06-10",0,0,0,61
"BBS",328,"MALL",-77.0384304,39.516536,"840_46_13","2018-06-10",0,0,0,61
"BBS",329,"RUDU",-77.0384304,39.516536,"840_46_13","2018-06-10",0,0,0,61
"BBS",330,"WODU",-77.0384304,39.516536,"840_46_13","2018-06-10",0,0,0,61
"BBS",331,"ABDU",-77.0236228,39.6423121,"840_46_14","2016-06-05",0,0,0,59
"BBS",332,"CAGO",-77.0236228,39.6423121,"840_46_14","2016-06-05",0,0,0,59
"BBS",333,"MALL",-77.0236228,39.6423121,"840_46_14","2016-06-05",0,0,0,59
"BBS",334,"RUDU",-77.0236228,39.6423121,"840_46_14","2016-06-05",0,0,0,59
"BBS",335,"WODU",-77.0236228,39.6423121,"840_46_14","2016-06-05",0,0,0,59
"BBS",336,"ABDU",-77.0236228,39.6423121,"840_46_14","2017-06-04",0,0,0,52
"BBS",337,"CAGO",-77.0236228,39.6423121,"840_46_14","2017-06-04",28,1,2,52
"BBS",338,"MALL",-77.0236228,39.6423121,"840_46_14","2017-06-04",0,0,0,52
"BBS",339,"RUDU",-77.0236228,39.6423121,"840_46_14","2017-06-04",0,0,0,52
"BBS",340,"WODU",-77.0236228,39.6423121,"840_46_14","2017-06-04",0,0,0,52
"BBS",341,"ABDU",-77.0236228,39.6423121,"840_46_14","2018-06-09",0,0,0,53
"BBS",342,"CAGO",-77.0236228,39.6423121,"840_46_14","2018-06-09",0,0,0,53
"BBS",343,"MALL",-77.0236228,39.6423121,"840_46_14","2018-06-09",0,0,0,53
"BBS",344,"RUDU",-77.0236228,39.6423121,"840_46_14","2018-06-09",0,0,0,53
"BBS",345,"WODU",-77.0236228,39.6423121,"840_46_14","2018-06-09",0,0,0,53
"BBS",346,"ABDU",-77.0236228,39.6423121,"840_46_14","2019-06-02",0,0,0,52
"BBS",347,"CAGO",-77.0236228,39.6423121,"840_46_14","2019-06-02",0,0,0,52
"BBS",348,"MALL",-77.0236228,39.6423121,"840_46_14","2019-06-02",0,0,0,52
"BBS",349,"RUDU",-77.0236228,39.6423121,"840_46_14","2019-06-02",0,0,0,52
"BBS",350,"WODU",-77.0236228,39.6423121,"840_46_14","2019-06-02",0,0,0,52
"BBS",351,"ABDU",-77.0236228,39.6423121,"840_46_14","2021-06-06",0,0,0,50
"BBS",352,"CAGO",-77.0236228,39.6423121,"840_46_14","2021-06-06",0,0,0,50
"BBS",353,"MALL",-77.0236228,39.6423121,"840_46_14","2021-06-06",0,0,0,50
"BBS",354,"RUDU",-77.0236228,39.6423121,"840_46_14","2021-06-06",0,0,0,50
"BBS",355,"WODU",-77.0236228,39.6423121,"840_46_14","2021-06-06",0,0,0,50
"BBS",356,"ABDU",-75.5666203,38.3003961,"840_46_145","2016-07-06",0,0,0,68
"BBS",357,"CAGO",-75.5666203,38.3003961,"840_46_145","2016-07-06",0,0,0,68
"BBS",358,"MALL",-75.5666203,38.3003961,"840_46_145","2016-07-06",0,0,0,68
"BBS",359,"RUDU",-75.5666203,38.3003961,"840_46_145","2016-07-06",0,0,0,68
"BBS",360,"WODU",-75.5666203,38.3003961,"840_46_145","2016-07-06",0,0,0,68
"BBS",361,"ABDU",-75.5666203,38.3003961,"840_46_145","2017-07-06",0,0,0,58
"BBS",362,"CAGO",-75.5666203,38.3003961,"840_46_145","2017-07-06",0,0,0,58
"BBS",363,"MALL",-75.5666203,38.3003961,"840_46_145","2017-07-06",0,0,0,58
"BBS",364,"RUDU",-75.5666203,38.3003961,"840_46_145","2017-07-06",0,0,0,58
"BBS",365,"WODU",-75.5666203,38.3003961,"840_46_145","2017-07-06",0,0,0,58
"BBS",366,"ABDU",-75.5666203,38.3003961,"840_46_145","2018-07-07",0,0,0,60
"BBS",367,"CAGO",-75.5666203,38.3003961,"840_46_145","2018-07-07",5,1,1,60
"BBS",368,"MALL",-75.5666203,38.3003961,"840_46_145","2018-07-07",0,0,0,60
"BBS",369,"RUDU",-75.5666203,38.3003961,"840_46_145","2018-07-07",0,0,0,60
"BBS",370,"WODU",-75.5666203,38.3003961,"840_46_145","2018-07-07",0,0,0,60
"BBS",371,"ABDU",-75.5666203,38.3003961,"840_46_145","2019-07-05",0,0,0,66
"BBS",372,"CAGO",-75.5666203,38.3003961,"840_46_145","2019-07-05",0,0,0,66
"BBS",373,"MALL",-75.5666203,38.3003961,"840_46_145","2019-07-05",0,0,0,66
"BBS",374,"RUDU",-75.5666203,38.3003961,"840_46_145","2019-07-05",0,0,0,66
"BBS",375,"WODU",-75.5666203,38.3003961,"840_46_145","2019-07-05",0,0,0,66
"BBS",376,"ABDU",-75.1181628,38.3112181,"840_46_149","2016-05-29",0,0,0,60
"BBS",377,"CAGO",-75.1181628,38.3112181,"840_46_149","2016-05-29",4,1,2,60
"BBS",378,"MALL",-75.1181628,38.3112181,"840_46_149","2016-05-29",4,1,1,60
"BBS",379,"RUDU",-75.1181628,38.3112181,"840_46_149","2016-05-29",0,0,0,60
"BBS",380,"WODU",-75.1181628,38.3112181,"840_46_149","2016-05-29",0,0,0,60
"BBS",381,"ABDU",-75.1181628,38.3112181,"840_46_149","2017-06-03",0,0,0,54
"BBS",382,"CAGO",-75.1181628,38.3112181,"840_46_149","2017-06-03",8,1,3,54
"BBS",383,"MALL",-75.1181628,38.3112181,"840_46_149","2017-06-03",0,0,0,54
"BBS",384,"RUDU",-75.1181628,38.3112181,"840_46_149","2017-06-03",0,0,0,54
"BBS",385,"WODU",-75.1181628,38.3112181,"840_46_149","2017-06-03",0,0,0,54
"BBS",386,"ABDU",-75.1181628,38.3112181,"840_46_149","2018-06-02",0,0,0,52
"BBS",387,"CAGO",-75.1181628,38.3112181,"840_46_149","2018-06-02",4,1,1,52
"BBS",388,"MALL",-75.1181628,38.3112181,"840_46_149","2018-06-02",0,0,0,52
"BBS",389,"RUDU",-75.1181628,38.3112181,"840_46_149","2018-06-02",0,0,0,52
"BBS",390,"WODU",-75.1181628,38.3112181,"840_46_149","2018-06-02",0,0,0,52
"BBS",391,"ABDU",-75.1181628,38.3112181,"840_46_149","2019-06-01",0,0,0,56
"BBS",392,"CAGO",-75.1181628,38.3112181,"840_46_149","2019-06-01",3,1,1,56
"BBS",393,"MALL",-75.1181628,38.3112181,"840_46_149","2019-06-01",0,0,0,56
"BBS",394,"RUDU",-75.1181628,38.3112181,"840_46_149","2019-06-01",0,0,0,56
"BBS",395,"WODU",-75.1181628,38.3112181,"840_46_149","2019-06-01",0,0,0,56
"BBS",396,"ABDU",-76.9692792,39.6359624,"840_46_15","2016-06-12",0,0,0,57
"BBS",397,"CAGO",-76.9692792,39.6359624,"840_46_15","2016-06-12",29,1,3,57
"BBS",398,"MALL",-76.9692792,39.6359624,"840_46_15","2016-06-12",0,0,0,57
"BBS",399,"RUDU",-76.9692792,39.6359624,"840_46_15","2016-06-12",0,0,0,57
"BBS",400,"WODU",-76.9692792,39.6359624,"840_46_15","2016-06-12",0,0,0,57
"BBS",401,"ABDU",-76.9692792,39.6359624,"840_46_15","2017-06-11",0,0,0,57
"BBS",402,"CAGO",-76.9692792,39.6359624,"840_46_15","2017-06-11",28,1,2,57
"BBS",403,"MALL",-76.9692792,39.6359624,"840_46_15","2017-06-11",0,0,0,57
"BBS",404,"RUDU",-76.9692792,39.6359624,"840_46_15","2017-06-11",0,0,0,57
"BBS",405,"WODU",-76.9692792,39.6359624,"840_46_15","2017-06-11",0,0,0,57
"BBS",406,"ABDU",-76.9692792,39.6359624,"840_46_15","2018-06-10",0,0,0,59
"BBS",407,"CAGO",-76.9692792,39.6359624,"840_46_15","2018-06-10",3,1,2,59
"BBS",408,"MALL",-76.9692792,39.6359624,"840_46_15","2018-06-10",0,0,0,59
"BBS",409,"RUDU",-76.9692792,39.6359624,"840_46_15","2018-06-10",0,0,0,59
"BBS",410,"WODU",-76.9692792,39.6359624,"840_46_15","2018-06-10",0,0,0,59
"BBS",411,"ABDU",-76.9692792,39.6359624,"840_46_15","2019-06-08",0,0,0,59
"BBS",412,"CAGO",-76.9692792,39.6359624,"840_46_15","2019-06-08",19,1,1,59
"BBS",413,"MALL",-76.9692792,39.6359624,"840_46_15","2019-06-08",1,1,1,59
"BBS",414,"RUDU",-76.9692792,39.6359624,"840_46_15","2019-06-08",0,0,0,59
"BBS",415,"WODU",-76.9692792,39.6359624,"840_46_15","2019-06-08",0,0,0,59
"BBS",416,"ABDU",-76.9692792,39.6359624,"840_46_15","2021-06-13",0,0,0,58
"BBS",417,"CAGO",-76.9692792,39.6359624,"840_46_15","2021-06-13",5,1,1,58
"BBS",418,"MALL",-76.9692792,39.6359624,"840_46_15","2021-06-13",0,0,0,58
"BBS",419,"RUDU",-76.9692792,39.6359624,"840_46_15","2021-06-13",0,0,0,58
"BBS",420,"WODU",-76.9692792,39.6359624,"840_46_15","2021-06-13",0,0,0,58
"BBS",421,"ABDU",-76.52063,39.63115,"840_46_151","2016-06-20",0,0,0,70
"BBS",422,"CAGO",-76.52063,39.63115,"840_46_151","2016-06-20",1,1,1,70
"BBS",423,"MALL",-76.52063,39.63115,"840_46_151","2016-06-20",0,0,0,70
"BBS",424,"RUDU",-76.52063,39.63115,"840_46_151","2016-06-20",0,0,0,70
"BBS",425,"WODU",-76.52063,39.63115,"840_46_151","2016-06-20",0,0,0,70
"BBS",426,"ABDU",-76.52063,39.63115,"840_46_151","2017-06-16",0,0,0,76
"BBS",427,"CAGO",-76.52063,39.63115,"840_46_151","2017-06-16",0,0,0,76
"BBS",428,"MALL",-76.52063,39.63115,"840_46_151","2017-06-16",0,0,0,76
"BBS",429,"RUDU",-76.52063,39.63115,"840_46_151","2017-06-16",0,0,0,76
"BBS",430,"WODU",-76.52063,39.63115,"840_46_151","2017-06-16",0,0,0,76
"BBS",431,"ABDU",-76.150467,39.580623,"840_46_152","2016-06-14",0,0,0,74
"BBS",432,"CAGO",-76.150467,39.580623,"840_46_152","2016-06-14",97,1,4,74
"BBS",433,"MALL",-76.150467,39.580623,"840_46_152","2016-06-14",1,1,1,74
"BBS",434,"RUDU",-76.150467,39.580623,"840_46_152","2016-06-14",0,0,0,74
"BBS",435,"WODU",-76.150467,39.580623,"840_46_152","2016-06-14",0,0,0,74
"BBS",436,"ABDU",-76.150467,39.580623,"840_46_152","2017-06-05",0,0,0,81
"BBS",437,"CAGO",-76.150467,39.580623,"840_46_152","2017-06-05",27,1,4,81
"BBS",438,"MALL",-76.150467,39.580623,"840_46_152","2017-06-05",1,1,1,81
"BBS",439,"RUDU",-76.150467,39.580623,"840_46_152","2017-06-05",0,0,0,81
"BBS",440,"WODU",-76.150467,39.580623,"840_46_152","2017-06-05",0,0,0,81
"BBS",441,"ABDU",-76.8137896,39.5515705,"840_46_16","2016-06-11",0,0,0,52
"BBS",442,"CAGO",-76.8137896,39.5515705,"840_46_16","2016-06-11",0,0,0,52
"BBS",443,"MALL",-76.8137896,39.5515705,"840_46_16","2016-06-11",0,0,0,52
"BBS",444,"RUDU",-76.8137896,39.5515705,"840_46_16","2016-06-11",0,0,0,52
"BBS",445,"WODU",-76.8137896,39.5515705,"840_46_16","2016-06-11",0,0,0,52
"BBS",446,"ABDU",-76.8137896,39.5515705,"840_46_16","2017-06-18",0,0,0,46
"BBS",447,"CAGO",-76.8137896,39.5515705,"840_46_16","2017-06-18",1,1,1,46
"BBS",448,"MALL",-76.8137896,39.5515705,"840_46_16","2017-06-18",0,0,0,46
"BBS",449,"RUDU",-76.8137896,39.5515705,"840_46_16","2017-06-18",0,0,0,46
"BBS",450,"WODU",-76.8137896,39.5515705,"840_46_16","2017-06-18",0,0,0,46
"BBS",451,"ABDU",-76.7644397,39.7002158,"840_46_17","2016-06-16",0,0,0,66
"BBS",452,"CAGO",-76.7644397,39.7002158,"840_46_17","2016-06-16",0,0,0,66
"BBS",453,"MALL",-76.7644397,39.7002158,"840_46_17","2016-06-16",0,0,0,66
"BBS",454,"RUDU",-76.7644397,39.7002158,"840_46_17","2016-06-16",0,0,0,66
"BBS",455,"WODU",-76.7644397,39.7002158,"840_46_17","2016-06-16",0,0,0,66
"BBS",456,"ABDU",-76.7644397,39.7002158,"840_46_17","2017-06-18",0,0,0,73
"BBS",457,"CAGO",-76.7644397,39.7002158,"840_46_17","2017-06-18",2,1,1,73
"BBS",458,"MALL",-76.7644397,39.7002158,"840_46_17","2017-06-18",0,0,0,73
"BBS",459,"RUDU",-76.7644397,39.7002158,"840_46_17","2017-06-18",0,0,0,73
"BBS",460,"WODU",-76.7644397,39.7002158,"840_46_17","2017-06-18",0,0,0,73
"BBS",461,"ABDU",-76.7644397,39.7002158,"840_46_17","2018-06-16",0,0,0,69
"BBS",462,"CAGO",-76.7644397,39.7002158,"840_46_17","2018-06-16",0,0,0,69
"BBS",463,"MALL",-76.7644397,39.7002158,"840_46_17","2018-06-16",0,0,0,69
"BBS",464,"RUDU",-76.7644397,39.7002158,"840_46_17","2018-06-16",0,0,0,69
"BBS",465,"WODU",-76.7644397,39.7002158,"840_46_17","2018-06-16",0,0,0,69
"BBS",466,"ABDU",-76.8406989,38.5217447,"840_46_29","2016-06-05",0,0,0,58
"BBS",467,"CAGO",-76.8406989,38.5217447,"840_46_29","2016-06-05",0,0,0,58
"BBS",468,"MALL",-76.8406989,38.5217447,"840_46_29","2016-06-05",0,0,0,58
"BBS",469,"RUDU",-76.8406989,38.5217447,"840_46_29","2016-06-05",0,0,0,58
"BBS",470,"WODU",-76.8406989,38.5217447,"840_46_29","2016-06-05",0,0,0,58
"BBS",471,"ABDU",-76.8406989,38.5217447,"840_46_29","2017-06-04",0,0,0,59
"BBS",472,"CAGO",-76.8406989,38.5217447,"840_46_29","2017-06-04",0,0,0,59
"BBS",473,"MALL",-76.8406989,38.5217447,"840_46_29","2017-06-04",0,0,0,59
"BBS",474,"RUDU",-76.8406989,38.5217447,"840_46_29","2017-06-04",0,0,0,59
"BBS",475,"WODU",-76.8406989,38.5217447,"840_46_29","2017-06-04",0,0,0,59
"BBS",476,"ABDU",-76.8406989,38.5217447,"840_46_29","2018-05-27",0,0,0,61
"BBS",477,"CAGO",-76.8406989,38.5217447,"840_46_29","2018-05-27",70,1,4,61
"BBS",478,"MALL",-76.8406989,38.5217447,"840_46_29","2018-05-27",0,0,0,61
"BBS",479,"RUDU",-76.8406989,38.5217447,"840_46_29","2018-05-27",0,0,0,61
"BBS",480,"WODU",-76.8406989,38.5217447,"840_46_29","2018-05-27",0,0,0,61
"BBS",481,"ABDU",-76.8406989,38.5217447,"840_46_29","2019-06-02",0,0,0,57
"BBS",482,"CAGO",-76.8406989,38.5217447,"840_46_29","2019-06-02",3,1,1,57
"BBS",483,"MALL",-76.8406989,38.5217447,"840_46_29","2019-06-02",0,0,0,57
"BBS",484,"RUDU",-76.8406989,38.5217447,"840_46_29","2019-06-02",0,0,0,57
"BBS",485,"WODU",-76.8406989,38.5217447,"840_46_29","2019-06-02",0,0,0,57
"BBS",486,"ABDU",-76.8406989,38.5217447,"840_46_29","2021-05-31",0,0,0,57
"BBS",487,"CAGO",-76.8406989,38.5217447,"840_46_29","2021-05-31",0,0,0,57
"BBS",488,"MALL",-76.8406989,38.5217447,"840_46_29","2021-05-31",0,0,0,57
"BBS",489,"RUDU",-76.8406989,38.5217447,"840_46_29","2021-05-31",0,0,0,57
"BBS",490,"WODU",-76.8406989,38.5217447,"840_46_29","2021-05-31",0,0,0,57
"BBS",491,"ABDU",-77.0780349,38.6021387,"840_46_30","2016-06-18",0,0,0,64
"BBS",492,"CAGO",-77.0780349,38.6021387,"840_46_30","2016-06-18",0,0,0,64
"BBS",493,"MALL",-77.0780349,38.6021387,"840_46_30","2016-06-18",0,0,0,64
"BBS",494,"RUDU",-77.0780349,38.6021387,"840_46_30","2016-06-18",0,0,0,64
"BBS",495,"WODU",-77.0780349,38.6021387,"840_46_30","2016-06-18",0,0,0,64
"BBS",496,"ABDU",-77.0780349,38.6021387,"840_46_30","2017-06-04",0,0,0,65
"BBS",497,"CAGO",-77.0780349,38.6021387,"840_46_30","2017-06-04",0,0,0,65
"BBS",498,"MALL",-77.0780349,38.6021387,"840_46_30","2017-06-04",0,0,0,65
"BBS",499,"RUDU",-77.0780349,38.6021387,"840_46_30","2017-06-04",0,0,0,65
"BBS",500,"WODU",-77.0780349,38.6021387,"840_46_30","2017-06-04",0,0,0,65
"BBS",501,"ABDU",-77.0780349,38.6021387,"840_46_30","2018-06-17",0,0,0,68
"BBS",502,"CAGO",-77.0780349,38.6021387,"840_46_30","2018-06-17",5,1,1,68
"BBS",503,"MALL",-77.0780349,38.6021387,"840_46_30","2018-06-17",0,0,0,68
"BBS",504,"RUDU",-77.0780349,38.6021387,"840_46_30","2018-06-17",0,0,0,68
"BBS",505,"WODU",-77.0780349,38.6021387,"840_46_30","2018-06-17",0,0,0,68
"BBS",506,"ABDU",-77.0780349,38.6021387,"840_46_30","2019-05-26",0,0,0,68
"BBS",507,"CAGO",-77.0780349,38.6021387,"840_46_30","2019-05-26",0,0,0,68
"BBS",508,"MALL",-77.0780349,38.6021387,"840_46_30","2019-05-26",0,0,0,68
"BBS",509,"RUDU",-77.0780349,38.6021387,"840_46_30","2019-05-26",0,0,0,68
"BBS",510,"WODU",-77.0780349,38.6021387,"840_46_30","2019-05-26",1,1,1,68
"BBS",511,"ABDU",-77.0558732,38.5960742,"840_46_31","2016-06-05",0,0,0,67
"BBS",512,"CAGO",-77.0558732,38.5960742,"840_46_31","2016-06-05",16,1,1,67
"BBS",513,"MALL",-77.0558732,38.5960742,"840_46_31","2016-06-05",2,1,1,67
"BBS",514,"RUDU",-77.0558732,38.5960742,"840_46_31","2016-06-05",0,0,0,67
"BBS",515,"WODU",-77.0558732,38.5960742,"840_46_31","2016-06-05",0,0,0,67
"BBS",516,"ABDU",-77.0558732,38.5960742,"840_46_31","2017-05-28",0,0,0,74
"BBS",517,"CAGO",-77.0558732,38.5960742,"840_46_31","2017-05-28",3,1,1,74
"BBS",518,"MALL",-77.0558732,38.5960742,"840_46_31","2017-05-28",0,0,0,74
"BBS",519,"RUDU",-77.0558732,38.5960742,"840_46_31","2017-05-28",0,0,0,74
"BBS",520,"WODU",-77.0558732,38.5960742,"840_46_31","2017-05-28",1,1,1,74
"BBS",521,"ABDU",-77.0558732,38.5960742,"840_46_31","2018-06-09",0,0,0,66
"BBS",522,"CAGO",-77.0558732,38.5960742,"840_46_31","2018-06-09",11,1,1,66
"BBS",523,"MALL",-77.0558732,38.5960742,"840_46_31","2018-06-09",0,0,0,66
"BBS",524,"RUDU",-77.0558732,38.5960742,"840_46_31","2018-06-09",0,0,0,66
"BBS",525,"WODU",-77.0558732,38.5960742,"840_46_31","2018-06-09",1,1,1,66
"BBS",526,"ABDU",-77.0558732,38.5960742,"840_46_31","2019-06-08",0,0,0,62
"BBS",527,"CAGO",-77.0558732,38.5960742,"840_46_31","2019-06-08",1,1,1,62
"BBS",528,"MALL",-77.0558732,38.5960742,"840_46_31","2019-06-08",0,0,0,62
"BBS",529,"RUDU",-77.0558732,38.5960742,"840_46_31","2019-06-08",0,0,0,62
"BBS",530,"WODU",-77.0558732,38.5960742,"840_46_31","2019-06-08",0,0,0,62
"BBS",531,"ABDU",-77.0558732,38.5960742,"840_46_31","2021-06-20",0,0,0,71
"BBS",532,"CAGO",-77.0558732,38.5960742,"840_46_31","2021-06-20",1,1,1,71
"BBS",533,"MALL",-77.0558732,38.5960742,"840_46_31","2021-06-20",1,1,1,71
"BBS",534,"RUDU",-77.0558732,38.5960742,"840_46_31","2021-06-20",0,0,0,71
"BBS",535,"WODU",-77.0558732,38.5960742,"840_46_31","2021-06-20",4,1,2,71
"BBS",536,"ABDU",-76.00685,39.628083,"840_46_32","2016-06-19",0,0,0,57
"BBS",537,"CAGO",-76.00685,39.628083,"840_46_32","2016-06-19",13,1,1,57
"BBS",538,"MALL",-76.00685,39.628083,"840_46_32","2016-06-19",0,0,0,57
"BBS",539,"RUDU",-76.00685,39.628083,"840_46_32","2016-06-19",0,0,0,57
"BBS",540,"WODU",-76.00685,39.628083,"840_46_32","2016-06-19",0,0,0,57
"BBS",541,"ABDU",-75.94228,39.52083,"840_46_33","2016-06-12",0,0,0,56
"BBS",542,"CAGO",-75.94228,39.52083,"840_46_33","2016-06-12",3,1,1,56
"BBS",543,"MALL",-75.94228,39.52083,"840_46_33","2016-06-12",4,1,1,56
"BBS",544,"RUDU",-75.94228,39.52083,"840_46_33","2016-06-12",0,0,0,56
"BBS",545,"WODU",-75.94228,39.52083,"840_46_33","2016-06-12",0,0,0,56
"BBS",546,"ABDU",-75.94228,39.52083,"840_46_33","2017-07-02",0,0,0,67
"BBS",547,"CAGO",-75.94228,39.52083,"840_46_33","2017-07-02",2,1,1,67
"BBS",548,"MALL",-75.94228,39.52083,"840_46_33","2017-07-02",0,0,0,67
"BBS",549,"RUDU",-75.94228,39.52083,"840_46_33","2017-07-02",0,0,0,67
"BBS",550,"WODU",-75.94228,39.52083,"840_46_33","2017-07-02",0,0,0,67
"BBS",551,"ABDU",-75.9042529,39.5231571,"840_46_34","2016-06-26",0,0,0,70
"BBS",552,"CAGO",-75.9042529,39.5231571,"840_46_34","2016-06-26",34,1,2,70
"BBS",553,"MALL",-75.9042529,39.5231571,"840_46_34","2016-06-26",0,0,0,70
"BBS",554,"RUDU",-75.9042529,39.5231571,"840_46_34","2016-06-26",0,0,0,70
"BBS",555,"WODU",-75.9042529,39.5231571,"840_46_34","2016-06-26",0,0,0,70
"BBS",556,"ABDU",-75.9042529,39.5231571,"840_46_34","2017-06-21",0,0,0,66
"BBS",557,"CAGO",-75.9042529,39.5231571,"840_46_34","2017-06-21",1,1,1,66
"BBS",558,"MALL",-75.9042529,39.5231571,"840_46_34","2017-06-21",0,0,0,66
"BBS",559,"RUDU",-75.9042529,39.5231571,"840_46_34","2017-06-21",0,0,0,66
"BBS",560,"WODU",-75.9042529,39.5231571,"840_46_34","2017-06-21",0,0,0,66
"BBS",561,"ABDU",-75.9042529,39.5231571,"840_46_34","2018-06-24",0,0,0,66
"BBS",562,"CAGO",-75.9042529,39.5231571,"840_46_34","2018-06-24",6,1,1,66
"BBS",563,"MALL",-75.9042529,39.5231571,"840_46_34","2018-06-24",0,0,0,66
"BBS",564,"RUDU",-75.9042529,39.5231571,"840_46_34","2018-06-24",0,0,0,66
"BBS",565,"WODU",-75.9042529,39.5231571,"840_46_34","2018-06-24",0,0,0,66
"BBS",566,"ABDU",-75.9042529,39.5231571,"840_46_34","2019-06-23",0,0,0,72
"BBS",567,"CAGO",-75.9042529,39.5231571,"840_46_34","2019-06-23",4,1,1,72
"BBS",568,"MALL",-75.9042529,39.5231571,"840_46_34","2019-06-23",2,1,1,72
"BBS",569,"RUDU",-75.9042529,39.5231571,"840_46_34","2019-06-23",0,0,0,72
"BBS",570,"WODU",-75.9042529,39.5231571,"840_46_34","2019-06-23",0,0,0,72
"BBS",571,"ABDU",-75.9042529,39.5231571,"840_46_34","2021-06-27",0,0,0,67
"BBS",572,"CAGO",-75.9042529,39.5231571,"840_46_34","2021-06-27",34,1,1,67
"BBS",573,"MALL",-75.9042529,39.5231571,"840_46_34","2021-06-27",0,0,0,67
"BBS",574,"RUDU",-75.9042529,39.5231571,"840_46_34","2021-06-27",0,0,0,67
"BBS",575,"WODU",-75.9042529,39.5231571,"840_46_34","2021-06-27",0,0,0,67
"BBS",576,"ABDU",-75.7640082,39.276509,"840_46_35","2016-06-19",0,0,0,66
"BBS",577,"CAGO",-75.7640082,39.276509,"840_46_35","2016-06-19",0,0,0,66
"BBS",578,"MALL",-75.7640082,39.276509,"840_46_35","2016-06-19",0,0,0,66
"BBS",579,"RUDU",-75.7640082,39.276509,"840_46_35","2016-06-19",0,0,0,66
"BBS",580,"WODU",-75.7640082,39.276509,"840_46_35","2016-06-19",0,0,0,66
"BBS",581,"ABDU",-75.7640082,39.276509,"840_46_35","2017-06-11",0,0,0,71
"BBS",582,"CAGO",-75.7640082,39.276509,"840_46_35","2017-06-11",0,0,0,71
"BBS",583,"MALL",-75.7640082,39.276509,"840_46_35","2017-06-11",0,0,0,71
"BBS",584,"RUDU",-75.7640082,39.276509,"840_46_35","2017-06-11",0,0,0,71
"BBS",585,"WODU",-75.7640082,39.276509,"840_46_35","2017-06-11",0,0,0,71
"BBS",586,"ABDU",-75.7640082,39.276509,"840_46_35","2018-06-17",0,0,0,71
"BBS",587,"CAGO",-75.7640082,39.276509,"840_46_35","2018-06-17",0,0,0,71
"BBS",588,"MALL",-75.7640082,39.276509,"840_46_35","2018-06-17",1,1,1,71
"BBS",589,"RUDU",-75.7640082,39.276509,"840_46_35","2018-06-17",0,0,0,71
"BBS",590,"WODU",-75.7640082,39.276509,"840_46_35","2018-06-17",3,1,2,71
"BBS",591,"ABDU",-75.7640082,39.276509,"840_46_35","2019-06-16",0,0,0,68
"BBS",592,"CAGO",-75.7640082,39.276509,"840_46_35","2019-06-16",0,0,0,68
"BBS",593,"MALL",-75.7640082,39.276509,"840_46_35","2019-06-16",0,0,0,68
"BBS",594,"RUDU",-75.7640082,39.276509,"840_46_35","2019-06-16",0,0,0,68
"BBS",595,"WODU",-75.7640082,39.276509,"840_46_35","2019-06-16",1,1,1,68
"BBS",596,"ABDU",-75.7640082,39.276509,"840_46_35","2021-06-20",0,0,0,67
"BBS",597,"CAGO",-75.7640082,39.276509,"840_46_35","2021-06-20",0,0,0,67
"BBS",598,"MALL",-75.7640082,39.276509,"840_46_35","2021-06-20",0,0,0,67
"BBS",599,"RUDU",-75.7640082,39.276509,"840_46_35","2021-06-20",0,0,0,67
"BBS",600,"WODU",-75.7640082,39.276509,"840_46_35","2021-06-20",1,1,1,67
"BBS",601,"ABDU",-76.1481269,39.2640947,"840_46_36","2016-06-12",0,0,0,64
"BBS",602,"CAGO",-76.1481269,39.2640947,"840_46_36","2016-06-12",24,1,3,64
"BBS",603,"MALL",-76.1481269,39.2640947,"840_46_36","2016-06-12",4,1,1,64
"BBS",604,"RUDU",-76.1481269,39.2640947,"840_46_36","2016-06-12",0,0,0,64
"BBS",605,"WODU",-76.1481269,39.2640947,"840_46_36","2016-06-12",0,0,0,64
"BBS",606,"ABDU",-76.1481269,39.2640947,"840_46_36","2017-06-04",0,0,0,67
"BBS",607,"CAGO",-76.1481269,39.2640947,"840_46_36","2017-06-04",12,1,3,67
"BBS",608,"MALL",-76.1481269,39.2640947,"840_46_36","2017-06-04",1,1,1,67
"BBS",609,"RUDU",-76.1481269,39.2640947,"840_46_36","2017-06-04",0,0,0,67
"BBS",610,"WODU",-76.1481269,39.2640947,"840_46_36","2017-06-04",1,1,1,67
"BBS",611,"ABDU",-76.1481269,39.2640947,"840_46_36","2018-06-09",0,0,0,66
"BBS",612,"CAGO",-76.1481269,39.2640947,"840_46_36","2018-06-09",25,1,2,66
"BBS",613,"MALL",-76.1481269,39.2640947,"840_46_36","2018-06-09",3,1,2,66
"BBS",614,"RUDU",-76.1481269,39.2640947,"840_46_36","2018-06-09",0,0,0,66
"BBS",615,"WODU",-76.1481269,39.2640947,"840_46_36","2018-06-09",2,1,2,66
"BBS",616,"ABDU",-76.1481269,39.2640947,"840_46_36","2019-06-09",0,0,0,61
"BBS",617,"CAGO",-76.1481269,39.2640947,"840_46_36","2019-06-09",2,1,1,61
"BBS",618,"MALL",-76.1481269,39.2640947,"840_46_36","2019-06-09",1,1,1,61
"BBS",619,"RUDU",-76.1481269,39.2640947,"840_46_36","2019-06-09",0,0,0,61
"BBS",620,"WODU",-76.1481269,39.2640947,"840_46_36","2019-06-09",1,1,1,61
"BBS",621,"ABDU",-76.1481269,39.2640947,"840_46_36","2021-06-13",0,0,0,61
"BBS",622,"CAGO",-76.1481269,39.2640947,"840_46_36","2021-06-13",15,1,3,61
"BBS",623,"MALL",-76.1481269,39.2640947,"840_46_36","2021-06-13",0,0,0,61
"BBS",624,"RUDU",-76.1481269,39.2640947,"840_46_36","2021-06-13",0,0,0,61
"BBS",625,"WODU",-76.1481269,39.2640947,"840_46_36","2021-06-13",0,0,0,61
"BBS",626,"ABDU",-76.192383,39.10312,"840_46_37","2016-06-06",0,0,0,65
"BBS",627,"CAGO",-76.192383,39.10312,"840_46_37","2016-06-06",19,1,3,65
"BBS",628,"MALL",-76.192383,39.10312,"840_46_37","2016-06-06",4,1,2,65
"BBS",629,"RUDU",-76.192383,39.10312,"840_46_37","2016-06-06",0,0,0,65
"BBS",630,"WODU",-76.192383,39.10312,"840_46_37","2016-06-06",0,0,0,65
"BBS",631,"ABDU",-76.192383,39.10312,"840_46_37","2017-06-03",0,0,0,68
"BBS",632,"CAGO",-76.192383,39.10312,"840_46_37","2017-06-03",3,1,2,68
"BBS",633,"MALL",-76.192383,39.10312,"840_46_37","2017-06-03",1,1,1,68
"BBS",634,"RUDU",-76.192383,39.10312,"840_46_37","2017-06-03",0,0,0,68
"BBS",635,"WODU",-76.192383,39.10312,"840_46_37","2017-06-03",0,0,0,68
"BBS",636,"ABDU",-76.192383,39.10312,"840_46_37","2018-06-04",0,0,0,69
"BBS",637,"CAGO",-76.192383,39.10312,"840_46_37","2018-06-04",3,1,3,69
"BBS",638,"MALL",-76.192383,39.10312,"840_46_37","2018-06-04",2,1,1,69
"BBS",639,"RUDU",-76.192383,39.10312,"840_46_37","2018-06-04",0,0,0,69
"BBS",640,"WODU",-76.192383,39.10312,"840_46_37","2018-06-04",0,0,0,69
"BBS",641,"ABDU",-76.192383,39.10312,"840_46_37","2019-06-03",0,0,0,66
"BBS",642,"CAGO",-76.192383,39.10312,"840_46_37","2019-06-03",4,1,3,66
"BBS",643,"MALL",-76.192383,39.10312,"840_46_37","2019-06-03",0,0,0,66
"BBS",644,"RUDU",-76.192383,39.10312,"840_46_37","2019-06-03",0,0,0,66
"BBS",645,"WODU",-76.192383,39.10312,"840_46_37","2019-06-03",1,1,1,66
"BBS",646,"ABDU",-76.192383,39.10312,"840_46_37","2021-06-06",0,0,0,65
"BBS",647,"CAGO",-76.192383,39.10312,"840_46_37","2021-06-06",4,1,1,65
"BBS",648,"MALL",-76.192383,39.10312,"840_46_37","2021-06-06",3,1,2,65
"BBS",649,"RUDU",-76.192383,39.10312,"840_46_37","2021-06-06",0,0,0,65
"BBS",650,"WODU",-76.192383,39.10312,"840_46_37","2021-06-06",0,0,0,65
"BBS",651,"ABDU",-75.8845056,38.783977,"840_46_38","2016-06-20",0,0,0,68
"BBS",652,"CAGO",-75.8845056,38.783977,"840_46_38","2016-06-20",4,1,1,68
"BBS",653,"MALL",-75.8845056,38.783977,"840_46_38","2016-06-20",0,0,0,68
"BBS",654,"RUDU",-75.8845056,38.783977,"840_46_38","2016-06-20",0,0,0,68
"BBS",655,"WODU",-75.8845056,38.783977,"840_46_38","2016-06-20",1,1,1,68
"BBS",656,"ABDU",-75.8845056,38.783977,"840_46_38","2017-06-01",0,0,0,72
"BBS",657,"CAGO",-75.8845056,38.783977,"840_46_38","2017-06-01",44,1,5,72
"BBS",658,"MALL",-75.8845056,38.783977,"840_46_38","2017-06-01",3,1,2,72
"BBS",659,"RUDU",-75.8845056,38.783977,"840_46_38","2017-06-01",0,0,0,72
"BBS",660,"WODU",-75.8845056,38.783977,"840_46_38","2017-06-01",1,1,1,72
"BBS",661,"ABDU",-75.9331139,38.8211117,"840_46_39","2016-06-05",0,0,0,61
"BBS",662,"CAGO",-75.9331139,38.8211117,"840_46_39","2016-06-05",0,0,0,61
"BBS",663,"MALL",-75.9331139,38.8211117,"840_46_39","2016-06-05",1,1,1,61
"BBS",664,"RUDU",-75.9331139,38.8211117,"840_46_39","2016-06-05",0,0,0,61
"BBS",665,"WODU",-75.9331139,38.8211117,"840_46_39","2016-06-05",0,0,0,61
"BBS",666,"ABDU",-75.9331139,38.8211117,"840_46_39","2017-06-03",0,0,0,60
"BBS",667,"CAGO",-75.9331139,38.8211117,"840_46_39","2017-06-03",7,1,1,60
"BBS",668,"MALL",-75.9331139,38.8211117,"840_46_39","2017-06-03",0,0,0,60
"BBS",669,"RUDU",-75.9331139,38.8211117,"840_46_39","2017-06-03",0,0,0,60
"BBS",670,"WODU",-75.9331139,38.8211117,"840_46_39","2017-06-03",0,0,0,60
"BBS",671,"ABDU",-75.9331139,38.8211117,"840_46_39","2018-06-07",0,0,0,58
"BBS",672,"CAGO",-75.9331139,38.8211117,"840_46_39","2018-06-07",26,1,2,58
"BBS",673,"MALL",-75.9331139,38.8211117,"840_46_39","2018-06-07",0,0,0,58
"BBS",674,"RUDU",-75.9331139,38.8211117,"840_46_39","2018-06-07",0,0,0,58
"BBS",675,"WODU",-75.9331139,38.8211117,"840_46_39","2018-06-07",0,0,0,58
"BBS",676,"ABDU",-75.9331139,38.8211117,"840_46_39","2019-06-09",0,0,0,59
"BBS",677,"CAGO",-75.9331139,38.8211117,"840_46_39","2019-06-09",6,1,1,59
"BBS",678,"MALL",-75.9331139,38.8211117,"840_46_39","2019-06-09",1,1,1,59
"BBS",679,"RUDU",-75.9331139,38.8211117,"840_46_39","2019-06-09",0,0,0,59
"BBS",680,"WODU",-75.9331139,38.8211117,"840_46_39","2019-06-09",0,0,0,59
"BBS",681,"ABDU",-75.9331139,38.8211117,"840_46_39","2021-06-06",0,0,0,62
"BBS",682,"CAGO",-75.9331139,38.8211117,"840_46_39","2021-06-06",50,1,1,62
"BBS",683,"MALL",-75.9331139,38.8211117,"840_46_39","2021-06-06",0,0,0,62
"BBS",684,"RUDU",-75.9331139,38.8211117,"840_46_39","2021-06-06",0,0,0,62
"BBS",685,"WODU",-75.9331139,38.8211117,"840_46_39","2021-06-06",0,0,0,62
"BBS",686,"ABDU",-76.075195,38.7863193,"840_46_40","2016-06-08",0,0,0,58
"BBS",687,"CAGO",-76.075195,38.7863193,"840_46_40","2016-06-08",0,0,0,58
"BBS",688,"MALL",-76.075195,38.7863193,"840_46_40","2016-06-08",0,0,0,58
"BBS",689,"RUDU",-76.075195,38.7863193,"840_46_40","2016-06-08",0,0,0,58
"BBS",690,"WODU",-76.075195,38.7863193,"840_46_40","2016-06-08",0,0,0,58
"BBS",691,"ABDU",-76.075195,38.7863193,"840_46_40","2017-06-07",0,0,0,60
"BBS",692,"CAGO",-76.075195,38.7863193,"840_46_40","2017-06-07",0,0,0,60
"BBS",693,"MALL",-76.075195,38.7863193,"840_46_40","2017-06-07",0,0,0,60
"BBS",694,"RUDU",-76.075195,38.7863193,"840_46_40","2017-06-07",0,0,0,60
"BBS",695,"WODU",-76.075195,38.7863193,"840_46_40","2017-06-07",1,1,1,60
"BBS",696,"ABDU",-76.075195,38.7863193,"840_46_40","2018-06-29",0,0,0,65
"BBS",697,"CAGO",-76.075195,38.7863193,"840_46_40","2018-06-29",1,1,1,65
"BBS",698,"MALL",-76.075195,38.7863193,"840_46_40","2018-06-29",4,1,1,65
"BBS",699,"RUDU",-76.075195,38.7863193,"840_46_40","2018-06-29",0,0,0,65
"BBS",700,"WODU",-76.075195,38.7863193,"840_46_40","2018-06-29",1,1,1,65
"BBS",701,"ABDU",-76.075195,38.7863193,"840_46_40","2019-05-31",0,0,0,63
"BBS",702,"CAGO",-76.075195,38.7863193,"840_46_40","2019-05-31",16,1,4,63
"BBS",703,"MALL",-76.075195,38.7863193,"840_46_40","2019-05-31",5,1,2,63
"BBS",704,"RUDU",-76.075195,38.7863193,"840_46_40","2019-05-31",0,0,0,63
"BBS",705,"WODU",-76.075195,38.7863193,"840_46_40","2019-05-31",0,0,0,63
"BBS",706,"ABDU",-76.075195,38.7863193,"840_46_40","2021-06-18",0,0,0,62
"BBS",707,"CAGO",-76.075195,38.7863193,"840_46_40","2021-06-18",6,1,1,62
"BBS",708,"MALL",-76.075195,38.7863193,"840_46_40","2021-06-18",3,1,2,62
"BBS",709,"RUDU",-76.075195,38.7863193,"840_46_40","2021-06-18",0,0,0,62
"BBS",710,"WODU",-76.075195,38.7863193,"840_46_40","2021-06-18",1,1,1,62
"BBS",711,"ABDU",-76.1997997,38.4607494,"840_46_41","2016-06-12",0,0,0,55
"BBS",712,"CAGO",-76.1997997,38.4607494,"840_46_41","2016-06-12",26,1,2,55
"BBS",713,"MALL",-76.1997997,38.4607494,"840_46_41","2016-06-12",10,1,2,55
"BBS",714,"RUDU",-76.1997997,38.4607494,"840_46_41","2016-06-12",0,0,0,55
"BBS",715,"WODU",-76.1997997,38.4607494,"840_46_41","2016-06-12",3,1,1,55
"BBS",716,"ABDU",-76.1997997,38.4607494,"840_46_41","2017-06-11",0,0,0,58
"BBS",717,"CAGO",-76.1997997,38.4607494,"840_46_41","2017-06-11",2,1,1,58
"BBS",718,"MALL",-76.1997997,38.4607494,"840_46_41","2017-06-11",1,1,1,58
"BBS",719,"RUDU",-76.1997997,38.4607494,"840_46_41","2017-06-11",0,0,0,58
"BBS",720,"WODU",-76.1997997,38.4607494,"840_46_41","2017-06-11",2,1,1,58
"BBS",721,"ABDU",-76.1997997,38.4607494,"840_46_41","2018-06-10",0,0,0,55
"BBS",722,"CAGO",-76.1997997,38.4607494,"840_46_41","2018-06-10",0,0,0,55
"BBS",723,"MALL",-76.1997997,38.4607494,"840_46_41","2018-06-10",4,1,1,55
"BBS",724,"RUDU",-76.1997997,38.4607494,"840_46_41","2018-06-10",0,0,0,55
"BBS",725,"WODU",-76.1997997,38.4607494,"840_46_41","2018-06-10",1,1,1,55
"BBS",726,"ABDU",-76.2432656,38.3676908,"840_46_42","2016-05-29",4,1,2,81
"BBS",727,"CAGO",-76.2432656,38.3676908,"840_46_42","2016-05-29",20,1,8,81
"BBS",728,"MALL",-76.2432656,38.3676908,"840_46_42","2016-05-29",41,1,5,81
"BBS",729,"RUDU",-76.2432656,38.3676908,"840_46_42","2016-05-29",0,0,0,81
"BBS",730,"WODU",-76.2432656,38.3676908,"840_46_42","2016-05-29",2,1,2,81
"BBS",731,"ABDU",-76.2432656,38.3676908,"840_46_42","2017-06-03",2,1,1,89
"BBS",732,"CAGO",-76.2432656,38.3676908,"840_46_42","2017-06-03",30,1,6,89
"BBS",733,"MALL",-76.2432656,38.3676908,"840_46_42","2017-06-03",19,1,7,89
"BBS",734,"RUDU",-76.2432656,38.3676908,"840_46_42","2017-06-03",0,0,0,89
"BBS",735,"WODU",-76.2432656,38.3676908,"840_46_42","2017-06-03",8,1,5,89
"BBS",736,"ABDU",-76.2432656,38.3676908,"840_46_42","2018-06-02",0,0,0,82
"BBS",737,"CAGO",-76.2432656,38.3676908,"840_46_42","2018-06-02",3,1,2,82
"BBS",738,"MALL",-76.2432656,38.3676908,"840_46_42","2018-06-02",15,1,6,82
"BBS",739,"RUDU",-76.2432656,38.3676908,"840_46_42","2018-06-02",0,0,0,82
"BBS",740,"WODU",-76.2432656,38.3676908,"840_46_42","2018-06-02",4,1,4,82
"BBS",741,"ABDU",-76.2432656,38.3676908,"840_46_42","2019-06-01",2,1,1,81
"BBS",742,"CAGO",-76.2432656,38.3676908,"840_46_42","2019-06-01",76,1,3,81
"BBS",743,"MALL",-76.2432656,38.3676908,"840_46_42","2019-06-01",2,1,1,81
"BBS",744,"RUDU",-76.2432656,38.3676908,"840_46_42","2019-06-01",0,0,0,81
"BBS",745,"WODU",-76.2432656,38.3676908,"840_46_42","2019-06-01",4,1,3,81
"BBS",746,"ABDU",-76.2432656,38.3676908,"840_46_42","2021-06-23",2,1,1,80
"BBS",747,"CAGO",-76.2432656,38.3676908,"840_46_42","2021-06-23",11,1,1,80
"BBS",748,"MALL",-76.2432656,38.3676908,"840_46_42","2021-06-23",0,0,0,80
"BBS",749,"RUDU",-76.2432656,38.3676908,"840_46_42","2021-06-23",0,0,0,80
"BBS",750,"WODU",-76.2432656,38.3676908,"840_46_42","2021-06-23",4,1,4,80
"BBS",751,"ABDU",-76.2101023,38.5258637,"840_46_43","2016-06-02",0,0,0,78
"BBS",752,"CAGO",-76.2101023,38.5258637,"840_46_43","2016-06-02",42,1,4,78
"BBS",753,"MALL",-76.2101023,38.5258637,"840_46_43","2016-06-02",11,1,3,78
"BBS",754,"RUDU",-76.2101023,38.5258637,"840_46_43","2016-06-02",0,0,0,78
"BBS",755,"WODU",-76.2101023,38.5258637,"840_46_43","2016-06-02",0,0,0,78
"BBS",756,"ABDU",-76.2101023,38.5258637,"840_46_43","2017-05-27",5,1,2,84
"BBS",757,"CAGO",-76.2101023,38.5258637,"840_46_43","2017-05-27",23,1,7,84
"BBS",758,"MALL",-76.2101023,38.5258637,"840_46_43","2017-05-27",13,1,5,84
"BBS",759,"RUDU",-76.2101023,38.5258637,"840_46_43","2017-05-27",0,0,0,84
"BBS",760,"WODU",-76.2101023,38.5258637,"840_46_43","2017-05-27",7,1,5,84
"BBS",761,"ABDU",-76.2101023,38.5258637,"840_46_43","2018-06-08",9,1,4,80
"BBS",762,"CAGO",-76.2101023,38.5258637,"840_46_43","2018-06-08",10,1,3,80
"BBS",763,"MALL",-76.2101023,38.5258637,"840_46_43","2018-06-08",2,1,2,80
"BBS",764,"RUDU",-76.2101023,38.5258637,"840_46_43","2018-06-08",0,0,0,80
"BBS",765,"WODU",-76.2101023,38.5258637,"840_46_43","2018-06-08",1,1,1,80
"BBS",766,"ABDU",-76.2101023,38.5258637,"840_46_43","2019-06-07",3,1,1,80
"BBS",767,"CAGO",-76.2101023,38.5258637,"840_46_43","2019-06-07",16,1,2,80
"BBS",768,"MALL",-76.2101023,38.5258637,"840_46_43","2019-06-07",12,1,3,80
"BBS",769,"RUDU",-76.2101023,38.5258637,"840_46_43","2019-06-07",0,0,0,80
"BBS",770,"WODU",-76.2101023,38.5258637,"840_46_43","2019-06-07",4,1,1,80
"BBS",771,"ABDU",-76.2101023,38.5258637,"840_46_43","2021-06-17",0,0,0,73
"BBS",772,"CAGO",-76.2101023,38.5258637,"840_46_43","2021-06-17",2,1,1,73
"BBS",773,"MALL",-76.2101023,38.5258637,"840_46_43","2021-06-17",6,1,3,73
"BBS",774,"RUDU",-76.2101023,38.5258637,"840_46_43","2021-06-17",0,0,0,73
"BBS",775,"WODU",-76.2101023,38.5258637,"840_46_43","2021-06-17",0,0,0,73
"BBS",776,"ABDU",-75.7964256,38.5203297,"840_46_44","2016-06-12",0,0,0,57
"BBS",777,"CAGO",-75.7964256,38.5203297,"840_46_44","2016-06-12",2,1,1,57
"BBS",778,"MALL",-75.7964256,38.5203297,"840_46_44","2016-06-12",0,0,0,57
"BBS",779,"RUDU",-75.7964256,38.5203297,"840_46_44","2016-06-12",0,0,0,57
"BBS",780,"WODU",-75.7964256,38.5203297,"840_46_44","2016-06-12",0,0,0,57
"BBS",781,"ABDU",-75.7964256,38.5203297,"840_46_44","2017-06-11",0,0,0,60
"BBS",782,"CAGO",-75.7964256,38.5203297,"840_46_44","2017-06-11",2,1,1,60
"BBS",783,"MALL",-75.7964256,38.5203297,"840_46_44","2017-06-11",0,0,0,60
"BBS",784,"RUDU",-75.7964256,38.5203297,"840_46_44","2017-06-11",0,0,0,60
"BBS",785,"WODU",-75.7964256,38.5203297,"840_46_44","2017-06-11",0,0,0,60
"BBS",786,"ABDU",-75.7964256,38.5203297,"840_46_44","2018-06-10",0,0,0,56
"BBS",787,"CAGO",-75.7964256,38.5203297,"840_46_44","2018-06-10",0,0,0,56
"BBS",788,"MALL",-75.7964256,38.5203297,"840_46_44","2018-06-10",0,0,0,56
"BBS",789,"RUDU",-75.7964256,38.5203297,"840_46_44","2018-06-10",0,0,0,56
"BBS",790,"WODU",-75.7964256,38.5203297,"840_46_44","2018-06-10",0,0,0,56
"BBS",791,"ABDU",-75.7964256,38.5203297,"840_46_44","2019-06-16",0,0,0,60
"BBS",792,"CAGO",-75.7964256,38.5203297,"840_46_44","2019-06-16",70,1,2,60
"BBS",793,"MALL",-75.7964256,38.5203297,"840_46_44","2019-06-16",0,0,0,60
"BBS",794,"RUDU",-75.7964256,38.5203297,"840_46_44","2019-06-16",0,0,0,60
"BBS",795,"WODU",-75.7964256,38.5203297,"840_46_44","2019-06-16",0,0,0,60
"BBS",796,"ABDU",-75.7964256,38.5203297,"840_46_44","2021-06-13",0,0,0,54
"BBS",797,"CAGO",-75.7964256,38.5203297,"840_46_44","2021-06-13",30,1,3,54
"BBS",798,"MALL",-75.7964256,38.5203297,"840_46_44","2021-06-13",0,0,0,54
"BBS",799,"RUDU",-75.7964256,38.5203297,"840_46_44","2021-06-13",0,0,0,54
"BBS",800,"WODU",-75.7964256,38.5203297,"840_46_44","2021-06-13",0,0,0,54
"BBS",801,"ABDU",-75.7898657,38.4485307,"840_46_46","2019-07-06",0,0,0,59
"BBS",802,"CAGO",-75.7898657,38.4485307,"840_46_46","2019-07-06",92,1,2,59
"BBS",803,"MALL",-75.7898657,38.4485307,"840_46_46","2019-07-06",0,0,0,59
"BBS",804,"RUDU",-75.7898657,38.4485307,"840_46_46","2019-07-06",0,0,0,59
"BBS",805,"WODU",-75.7898657,38.4485307,"840_46_46","2019-07-06",0,0,0,59
"BBS",806,"ABDU",-75.5797027,38.1651924,"840_46_47","2016-06-08",0,0,0,86
"BBS",807,"CAGO",-75.5797027,38.1651924,"840_46_47","2016-06-08",60,1,1,86
"BBS",808,"MALL",-75.5797027,38.1651924,"840_46_47","2016-06-08",0,0,0,86
"BBS",809,"RUDU",-75.5797027,38.1651924,"840_46_47","2016-06-08",0,0,0,86
"BBS",810,"WODU",-75.5797027,38.1651924,"840_46_47","2016-06-08",0,0,0,86
"BBS",811,"ABDU",-75.5797027,38.1651924,"840_46_47","2017-06-01",0,0,0,87
"BBS",812,"CAGO",-75.5797027,38.1651924,"840_46_47","2017-06-01",38,1,4,87
"BBS",813,"MALL",-75.5797027,38.1651924,"840_46_47","2017-06-01",1,1,1,87
"BBS",814,"RUDU",-75.5797027,38.1651924,"840_46_47","2017-06-01",0,0,0,87
"BBS",815,"WODU",-75.5797027,38.1651924,"840_46_47","2017-06-01",4,1,2,87
"BBS",816,"ABDU",-75.5797027,38.1651924,"840_46_47","2018-06-06",0,0,0,90
"BBS",817,"CAGO",-75.5797027,38.1651924,"840_46_47","2018-06-06",9,1,5,90
"BBS",818,"MALL",-75.5797027,38.1651924,"840_46_47","2018-06-06",0,0,0,90
"BBS",819,"RUDU",-75.5797027,38.1651924,"840_46_47","2018-06-06",0,0,0,90
"BBS",820,"WODU",-75.5797027,38.1651924,"840_46_47","2018-06-06",4,1,2,90
"BBS",821,"ABDU",-75.5797027,38.1651924,"840_46_47","2019-06-04",0,0,0,87
"BBS",822,"CAGO",-75.5797027,38.1651924,"840_46_47","2019-06-04",4,1,2,87
"BBS",823,"MALL",-75.5797027,38.1651924,"840_46_47","2019-06-04",0,0,0,87
"BBS",824,"RUDU",-75.5797027,38.1651924,"840_46_47","2019-06-04",0,0,0,87
"BBS",825,"WODU",-75.5797027,38.1651924,"840_46_47","2019-06-04",2,1,2,87
"BBS",826,"ABDU",-75.5797027,38.1651924,"840_46_47","2021-06-07",0,0,0,90
"BBS",827,"CAGO",-75.5797027,38.1651924,"840_46_47","2021-06-07",18,1,3,90
"BBS",828,"MALL",-75.5797027,38.1651924,"840_46_47","2021-06-07",0,0,0,90
"BBS",829,"RUDU",-75.5797027,38.1651924,"840_46_47","2021-06-07",0,0,0,90
"BBS",830,"WODU",-75.5797027,38.1651924,"840_46_47","2021-06-07",0,0,0,90
"BBS",831,"ABDU",-75.2663372,38.2256736,"840_46_48","2016-05-29",0,0,0,72
"BBS",832,"CAGO",-75.2663372,38.2256736,"840_46_48","2016-05-29",15,1,7,72
"BBS",833,"MALL",-75.2663372,38.2256736,"840_46_48","2016-05-29",15,1,4,72
"BBS",834,"RUDU",-75.2663372,38.2256736,"840_46_48","2016-05-29",0,0,0,72
"BBS",835,"WODU",-75.2663372,38.2256736,"840_46_48","2016-05-29",0,0,0,72
"BBS",836,"ABDU",-75.2663372,38.2256736,"840_46_48","2017-06-10",0,0,0,69
"BBS",837,"CAGO",-75.2663372,38.2256736,"840_46_48","2017-06-10",10,1,1,69
"BBS",838,"MALL",-75.2663372,38.2256736,"840_46_48","2017-06-10",2,1,1,69
"BBS",839,"RUDU",-75.2663372,38.2256736,"840_46_48","2017-06-10",0,0,0,69
"BBS",840,"WODU",-75.2663372,38.2256736,"840_46_48","2017-06-10",0,0,0,69
"BBS",841,"ABDU",-75.2663372,38.2256736,"840_46_48","2018-06-02",0,0,0,67
"BBS",842,"CAGO",-75.2663372,38.2256736,"840_46_48","2018-06-02",18,1,8,67
"BBS",843,"MALL",-75.2663372,38.2256736,"840_46_48","2018-06-02",4,1,2,67
"BBS",844,"RUDU",-75.2663372,38.2256736,"840_46_48","2018-06-02",0,0,0,67
"BBS",845,"WODU",-75.2663372,38.2256736,"840_46_48","2018-06-02",0,0,0,67
"BBS",846,"ABDU",-75.2663372,38.2256736,"840_46_48","2021-06-06",0,0,0,66
"BBS",847,"CAGO",-75.2663372,38.2256736,"840_46_48","2021-06-06",18,1,4,66
"BBS",848,"MALL",-75.2663372,38.2256736,"840_46_48","2021-06-06",0,0,0,66
"BBS",849,"RUDU",-75.2663372,38.2256736,"840_46_48","2021-06-06",0,0,0,66
"BBS",850,"WODU",-75.2663372,38.2256736,"840_46_48","2021-06-06",0,0,0,66
"BBS",851,"ABDU",-76.972531,38.558592,"840_46_56","2016-06-12",0,0,0,73
"BBS",852,"CAGO",-76.972531,38.558592,"840_46_56","2016-06-12",0,0,0,73
"BBS",853,"MALL",-76.972531,38.558592,"840_46_56","2016-06-12",2,1,2,73
"BBS",854,"RUDU",-76.972531,38.558592,"840_46_56","2016-06-12",0,0,0,73
"BBS",855,"WODU",-76.972531,38.558592,"840_46_56","2016-06-12",0,0,0,73
"BBS",856,"ABDU",-76.972531,38.558592,"840_46_56","2017-06-11",0,0,0,77
"BBS",857,"CAGO",-76.972531,38.558592,"840_46_56","2017-06-11",50,1,8,77
"BBS",858,"MALL",-76.972531,38.558592,"840_46_56","2017-06-11",3,1,2,77
"BBS",859,"RUDU",-76.972531,38.558592,"840_46_56","2017-06-11",0,0,0,77
"BBS",860,"WODU",-76.972531,38.558592,"840_46_56","2017-06-11",0,0,0,77
"BBS",861,"ABDU",-76.972531,38.558592,"840_46_56","2018-06-10",0,0,0,79
"BBS",862,"CAGO",-76.972531,38.558592,"840_46_56","2018-06-10",15,1,3,79
"BBS",863,"MALL",-76.972531,38.558592,"840_46_56","2018-06-10",0,0,0,79
"BBS",864,"RUDU",-76.972531,38.558592,"840_46_56","2018-06-10",0,0,0,79
"BBS",865,"WODU",-76.972531,38.558592,"840_46_56","2018-06-10",0,0,0,79
"BBS",866,"ABDU",-76.972531,38.558592,"840_46_56","2021-06-13",0,0,0,77
"BBS",867,"CAGO",-76.972531,38.558592,"840_46_56","2021-06-13",23,1,6,77
"BBS",868,"MALL",-76.972531,38.558592,"840_46_56","2021-06-13",0,0,0,77
"BBS",869,"RUDU",-76.972531,38.558592,"840_46_56","2021-06-13",0,0,0,77
"BBS",870,"WODU",-76.972531,38.558592,"840_46_56","2021-06-13",0,0,0,77
"BBS",871,"ABDU",-76.664268,39.231288,"840_46_57","2016-06-19",0,0,0,61
"BBS",872,"CAGO",-76.664268,39.231288,"840_46_57","2016-06-19",0,0,0,61
"BBS",873,"MALL",-76.664268,39.231288,"840_46_57","2016-06-19",0,0,0,61
"BBS",874,"RUDU",-76.664268,39.231288,"840_46_57","2016-06-19",0,0,0,61
"BBS",875,"WODU",-76.664268,39.231288,"840_46_57","2016-06-19",3,1,1,61
"BBS",876,"ABDU",-76.664268,39.231288,"840_46_57","2017-06-04",0,0,0,60
"BBS",877,"CAGO",-76.664268,39.231288,"840_46_57","2017-06-04",4,1,3,60
"BBS",878,"MALL",-76.664268,39.231288,"840_46_57","2017-06-04",0,0,0,60
"BBS",879,"RUDU",-76.664268,39.231288,"840_46_57","2017-06-04",0,0,0,60
"BBS",880,"WODU",-76.664268,39.231288,"840_46_57","2017-06-04",0,0,0,60
"BBS",881,"ABDU",-76.664268,39.231288,"840_46_57","2018-06-10",0,0,0,63
"BBS",882,"CAGO",-76.664268,39.231288,"840_46_57","2018-06-10",12,1,1,63
"BBS",883,"MALL",-76.664268,39.231288,"840_46_57","2018-06-10",1,1,1,63
"BBS",884,"RUDU",-76.664268,39.231288,"840_46_57","2018-06-10",0,0,0,63
"BBS",885,"WODU",-76.664268,39.231288,"840_46_57","2018-06-10",1,1,1,63
"BBS",886,"ABDU",-76.664268,39.231288,"840_46_57","2019-06-01",0,0,0,63
"BBS",887,"CAGO",-76.664268,39.231288,"840_46_57","2019-06-01",0,0,0,63
"BBS",888,"MALL",-76.664268,39.231288,"840_46_57","2019-06-01",2,1,1,63
"BBS",889,"RUDU",-76.664268,39.231288,"840_46_57","2019-06-01",0,0,0,63
"BBS",890,"WODU",-76.664268,39.231288,"840_46_57","2019-06-01",0,0,0,63
"BBS",891,"ABDU",-76.664268,39.231288,"840_46_57","2021-06-20",0,0,0,64
"BBS",892,"CAGO",-76.664268,39.231288,"840_46_57","2021-06-20",3,1,3,64
"BBS",893,"MALL",-76.664268,39.231288,"840_46_57","2021-06-20",0,0,0,64
"BBS",894,"RUDU",-76.664268,39.231288,"840_46_57","2021-06-20",0,0,0,64
"BBS",895,"WODU",-76.664268,39.231288,"840_46_57","2021-06-20",0,0,0,64
"BBS",896,"ABDU",-76.470555,38.114027,"840_46_58","2016-06-26",0,0,0,78
"BBS",897,"CAGO",-76.470555,38.114027,"840_46_58","2016-06-26",10,1,2,78
"BBS",898,"MALL",-76.470555,38.114027,"840_46_58","2016-06-26",11,1,3,78
"BBS",899,"RUDU",-76.470555,38.114027,"840_46_58","2016-06-26",0,0,0,78
"BBS",900,"WODU",-76.470555,38.114027,"840_46_58","2016-06-26",0,0,0,78
"BBS",901,"ABDU",-76.470555,38.114027,"840_46_58","2017-07-01",0,0,0,68
"BBS",902,"CAGO",-76.470555,38.114027,"840_46_58","2017-07-01",8,1,1,68
"BBS",903,"MALL",-76.470555,38.114027,"840_46_58","2017-07-01",6,1,1,68
"BBS",904,"RUDU",-76.470555,38.114027,"840_46_58","2017-07-01",0,0,0,68
"BBS",905,"WODU",-76.470555,38.114027,"840_46_58","2017-07-01",1,1,1,68
"BBS",906,"ABDU",-75.432624,38.2504,"840_46_59","2016-06-18",0,0,0,70
"BBS",907,"CAGO",-75.432624,38.2504,"840_46_59","2016-06-18",20,1,1,70
"BBS",908,"MALL",-75.432624,38.2504,"840_46_59","2016-06-18",0,0,0,70
"BBS",909,"RUDU",-75.432624,38.2504,"840_46_59","2016-06-18",0,0,0,70
"BBS",910,"WODU",-75.432624,38.2504,"840_46_59","2016-06-18",0,0,0,70
"BBS",911,"ABDU",-75.432624,38.2504,"840_46_59","2017-06-13",0,0,0,70
"BBS",912,"CAGO",-75.432624,38.2504,"840_46_59","2017-06-13",40,1,1,70
"BBS",913,"MALL",-75.432624,38.2504,"840_46_59","2017-06-13",0,0,0,70
"BBS",914,"RUDU",-75.432624,38.2504,"840_46_59","2017-06-13",0,0,0,70
"BBS",915,"WODU",-75.432624,38.2504,"840_46_59","2017-06-13",0,0,0,70
"BBS",916,"ABDU",-75.432624,38.2504,"840_46_59","2018-06-16",0,0,0,72
"BBS",917,"CAGO",-75.432624,38.2504,"840_46_59","2018-06-16",44,1,1,72
"BBS",918,"MALL",-75.432624,38.2504,"840_46_59","2018-06-16",5,1,1,72
"BBS",919,"RUDU",-75.432624,38.2504,"840_46_59","2018-06-16",0,0,0,72
"BBS",920,"WODU",-75.432624,38.2504,"840_46_59","2018-06-16",1,1,1,72
"BBS",921,"ABDU",-75.432624,38.2504,"840_46_59","2019-06-01",0,0,0,64
"BBS",922,"CAGO",-75.432624,38.2504,"840_46_59","2019-06-01",18,1,1,64
"BBS",923,"MALL",-75.432624,38.2504,"840_46_59","2019-06-01",0,0,0,64
"BBS",924,"RUDU",-75.432624,38.2504,"840_46_59","2019-06-01",0,0,0,64
"BBS",925,"WODU",-75.432624,38.2504,"840_46_59","2019-06-01",0,0,0,64
"BBS",926,"ABDU",-75.432624,38.2504,"840_46_59","2021-06-19",0,0,0,63
"BBS",927,"CAGO",-75.432624,38.2504,"840_46_59","2021-06-19",38,1,1,63
"BBS",928,"MALL",-75.432624,38.2504,"840_46_59","2021-06-19",3,1,1,63
"BBS",929,"RUDU",-75.432624,38.2504,"840_46_59","2021-06-19",0,0,0,63
"BBS",930,"WODU",-75.432624,38.2504,"840_46_59","2021-06-19",0,0,0,63
"BBS",931,"ABDU",-77.8655019,39.6129717,"840_46_6","2016-06-09",0,0,0,76
"BBS",932,"CAGO",-77.8655019,39.6129717,"840_46_6","2016-06-09",18,1,2,76
"BBS",933,"MALL",-77.8655019,39.6129717,"840_46_6","2016-06-09",0,0,0,76
"BBS",934,"RUDU",-77.8655019,39.6129717,"840_46_6","2016-06-09",0,0,0,76
"BBS",935,"WODU",-77.8655019,39.6129717,"840_46_6","2016-06-09",0,0,0,76
"BBS",936,"ABDU",-77.8655019,39.6129717,"840_46_6","2017-06-07",0,0,0,82
"BBS",937,"CAGO",-77.8655019,39.6129717,"840_46_6","2017-06-07",20,1,4,82
"BBS",938,"MALL",-77.8655019,39.6129717,"840_46_6","2017-06-07",4,1,2,82
"BBS",939,"RUDU",-77.8655019,39.6129717,"840_46_6","2017-06-07",0,0,0,82
"BBS",940,"WODU",-77.8655019,39.6129717,"840_46_6","2017-06-07",0,0,0,82
"BBS",941,"ABDU",-77.8655019,39.6129717,"840_46_6","2018-06-08",0,0,0,75
"BBS",942,"CAGO",-77.8655019,39.6129717,"840_46_6","2018-06-08",46,1,2,75
"BBS",943,"MALL",-77.8655019,39.6129717,"840_46_6","2018-06-08",4,1,2,75
"BBS",944,"RUDU",-77.8655019,39.6129717,"840_46_6","2018-06-08",0,0,0,75
"BBS",945,"WODU",-77.8655019,39.6129717,"840_46_6","2018-06-08",0,0,0,75
"BBS",946,"ABDU",-77.8655019,39.6129717,"840_46_6","2019-06-05",0,0,0,75
"BBS",947,"CAGO",-77.8655019,39.6129717,"840_46_6","2019-06-05",30,1,4,75
"BBS",948,"MALL",-77.8655019,39.6129717,"840_46_6","2019-06-05",3,1,2,75
"BBS",949,"RUDU",-77.8655019,39.6129717,"840_46_6","2019-06-05",0,0,0,75
"BBS",950,"WODU",-77.8655019,39.6129717,"840_46_6","2019-06-05",1,1,1,75
"BBS",951,"ABDU",-77.8655019,39.6129717,"840_46_6","2021-06-03",0,0,0,76
"BBS",952,"CAGO",-77.8655019,39.6129717,"840_46_6","2021-06-03",2,1,1,76
"BBS",953,"MALL",-77.8655019,39.6129717,"840_46_6","2021-06-03",0,0,0,76
"BBS",954,"RUDU",-77.8655019,39.6129717,"840_46_6","2021-06-03",0,0,0,76
"BBS",955,"WODU",-77.8655019,39.6129717,"840_46_6","2021-06-03",4,1,3,76
"BBS",956,"ABDU",-77.5489971,39.5780009,"840_46_8","2016-05-29",0,0,0,73
"BBS",957,"CAGO",-77.5489971,39.5780009,"840_46_8","2016-05-29",58,1,4,73
"BBS",958,"MALL",-77.5489971,39.5780009,"840_46_8","2016-05-29",0,0,0,73
"BBS",959,"RUDU",-77.5489971,39.5780009,"840_46_8","2016-05-29",0,0,0,73
"BBS",960,"WODU",-77.5489971,39.5780009,"840_46_8","2016-05-29",0,0,0,73
"BBS",961,"ABDU",-77.5489971,39.5780009,"840_46_8","2017-06-06",0,0,0,71
"BBS",962,"CAGO",-77.5489971,39.5780009,"840_46_8","2017-06-06",0,0,0,71
"BBS",963,"MALL",-77.5489971,39.5780009,"840_46_8","2017-06-06",0,0,0,71
"BBS",964,"RUDU",-77.5489971,39.5780009,"840_46_8","2017-06-06",0,0,0,71
"BBS",965,"WODU",-77.5489971,39.5780009,"840_46_8","2017-06-06",1,1,1,71
"BBS",966,"ABDU",-77.5489971,39.5780009,"840_46_8","2018-05-29",0,0,0,71
"BBS",967,"CAGO",-77.5489971,39.5780009,"840_46_8","2018-05-29",7,1,3,71
"BBS",968,"MALL",-77.5489971,39.5780009,"840_46_8","2018-05-29",2,1,1,71
"BBS",969,"RUDU",-77.5489971,39.5780009,"840_46_8","2018-05-29",0,0,0,71
"BBS",970,"WODU",-77.5489971,39.5780009,"840_46_8","2018-05-29",0,0,0,71
"BBS",971,"ABDU",-77.5489971,39.5780009,"840_46_8","2019-05-27",0,0,0,73
"BBS",972,"CAGO",-77.5489971,39.5780009,"840_46_8","2019-05-27",0,0,0,73
"BBS",973,"MALL",-77.5489971,39.5780009,"840_46_8","2019-05-27",1,1,1,73
"BBS",974,"RUDU",-77.5489971,39.5780009,"840_46_8","2019-05-27",0,0,0,73
"BBS",975,"WODU",-77.5489971,39.5780009,"840_46_8","2019-05-27",2,1,2,73
"BBS",976,"ABDU",-77.5489971,39.5780009,"840_46_8","2021-05-31",0,0,0,68
"BBS",977,"CAGO",-77.5489971,39.5780009,"840_46_8","2021-05-31",1,1,1,68
"BBS",978,"MALL",-77.5489971,39.5780009,"840_46_8","2021-05-31",0,0,0,68
"BBS",979,"RUDU",-77.5489971,39.5780009,"840_46_8","2021-05-31",0,0,0,68
"BBS",980,"WODU",-77.5489971,39.5780009,"840_46_8","2021-05-31",0,0,0,68
"BBS",981,"ABDU",-77.3304347,39.7148359,"840_46_9","2016-06-20",0,0,0,79
"BBS",982,"CAGO",-77.3304347,39.7148359,"840_46_9","2016-06-20",16,1,4,79
"BBS",983,"MALL",-77.3304347,39.7148359,"840_46_9","2016-06-20",0,0,0,79
"BBS",984,"RUDU",-77.3304347,39.7148359,"840_46_9","2016-06-20",0,0,0,79
"BBS",985,"WODU",-77.3304347,39.7148359,"840_46_9","2016-06-20",0,0,0,79
"BBS",986,"ABDU",-77.3304347,39.7148359,"840_46_9","2017-06-17",0,0,0,76
"BBS",987,"CAGO",-77.3304347,39.7148359,"840_46_9","2017-06-17",2,1,1,76
"BBS",988,"MALL",-77.3304347,39.7148359,"840_46_9","2017-06-17",2,1,1,76
"BBS",989,"RUDU",-77.3304347,39.7148359,"840_46_9","2017-06-17",0,0,0,76
"BBS",990,"WODU",-77.3304347,39.7148359,"840_46_9","2017-06-17",0,0,0,76
"BBS",991,"ABDU",-77.3304347,39.7148359,"840_46_9","2018-06-24",0,0,0,76
"BBS",992,"CAGO",-77.3304347,39.7148359,"840_46_9","2018-06-24",10,1,1,76
"BBS",993,"MALL",-77.3304347,39.7148359,"840_46_9","2018-06-24",0,0,0,76
"BBS",994,"RUDU",-77.3304347,39.7148359,"840_46_9","2018-06-24",0,0,0,76
"BBS",995,"WODU",-77.3304347,39.7148359,"840_46_9","2018-06-24",3,1,1,76
"BBS",996,"ABDU",-77.3304347,39.7148359,"840_46_9","2019-06-09",0,0,0,81
"BBS",997,"CAGO",-77.3304347,39.7148359,"840_46_9","2019-06-09",15,1,1,81
"BBS",998,"MALL",-77.3304347,39.7148359,"840_46_9","2019-06-09",3,1,1,81
"BBS",999,"RUDU",-77.3304347,39.7148359,"840_46_9","2019-06-09",0,0,0,81
"BBS",1000,"WODU",-77.3304347,39.7148359,"840_46_9","2019-06-09",5,1,3,81
"BBS",1001,"ABDU",-77.3304347,39.7148359,"840_46_9","2021-06-28",0,0,0,79
"BBS",1002,"CAGO",-77.3304347,39.7148359,"840_46_9","2021-06-28",0,0,0,79
"BBS",1003,"MALL",-77.3304347,39.7148359,"840_46_9","2021-06-28",6,1,1,79
"BBS",1004,"RUDU",-77.3304347,39.7148359,"840_46_9","2021-06-28",0,0,0,79
"BBS",1005,"WODU",-77.3304347,39.7148359,"840_46_9","2021-06-28",7,1,1,79
"BBS",1006,"ABDU",-77.2184791,38.1740529,"840_88_10","2016-06-12",0,0,0,74
"BBS",1007,"CAGO",-77.2184791,38.1740529,"840_88_10","2016-06-12",1,1,1,74
"BBS",1008,"MALL",-77.2184791,38.1740529,"840_88_10","2016-06-12",0,0,0,74
"BBS",1009,"RUDU",-77.2184791,38.1740529,"840_88_10","2016-06-12",0,0,0,74
"BBS",1010,"WODU",-77.2184791,38.1740529,"840_88_10","2016-06-12",2,1,1,74
"BBS",1011,"ABDU",-77.2184791,38.1740529,"840_88_10","2017-06-04",0,0,0,73
"BBS",1012,"CAGO",-77.2184791,38.1740529,"840_88_10","2017-06-04",7,1,1,73
"BBS",1013,"MALL",-77.2184791,38.1740529,"840_88_10","2017-06-04",0,0,0,73
"BBS",1014,"RUDU",-77.2184791,38.1740529,"840_88_10","2017-06-04",0,0,0,73
"BBS",1015,"WODU",-77.2184791,38.1740529,"840_88_10","2017-06-04",0,0,0,73
"BBS",1016,"ABDU",-77.2184791,38.1740529,"840_88_10","2018-06-17",0,0,0,72
"BBS",1017,"CAGO",-77.2184791,38.1740529,"840_88_10","2018-06-17",0,0,0,72
"BBS",1018,"MALL",-77.2184791,38.1740529,"840_88_10","2018-06-17",0,0,0,72
"BBS",1019,"RUDU",-77.2184791,38.1740529,"840_88_10","2018-06-17",0,0,0,72
"BBS",1020,"WODU",-77.2184791,38.1740529,"840_88_10","2018-06-17",1,1,1,72
"BBS",1021,"ABDU",-77.2184791,38.1740529,"840_88_10","2019-06-16",0,0,0,72
"BBS",1022,"CAGO",-77.2184791,38.1740529,"840_88_10","2019-06-16",7,1,1,72
"BBS",1023,"MALL",-77.2184791,38.1740529,"840_88_10","2019-06-16",0,0,0,72
"BBS",1024,"RUDU",-77.2184791,38.1740529,"840_88_10","2019-06-16",0,0,0,72
"BBS",1025,"WODU",-77.2184791,38.1740529,"840_88_10","2019-06-16",3,1,1,72
"BBS",1026,"ABDU",-77.584975,39.2649107,"840_88_102","2016-06-25",0,0,0,65
"BBS",1027,"CAGO",-77.584975,39.2649107,"840_88_102","2016-06-25",6,1,1,65
"BBS",1028,"MALL",-77.584975,39.2649107,"840_88_102","2016-06-25",0,0,0,65
"BBS",1029,"RUDU",-77.584975,39.2649107,"840_88_102","2016-06-25",0,0,0,65
"BBS",1030,"WODU",-77.584975,39.2649107,"840_88_102","2016-06-25",0,0,0,65
"BBS",1031,"ABDU",-77.584975,39.2649107,"840_88_102","2017-06-25",0,0,0,62
"BBS",1032,"CAGO",-77.584975,39.2649107,"840_88_102","2017-06-25",7,1,1,62
"BBS",1033,"MALL",-77.584975,39.2649107,"840_88_102","2017-06-25",0,0,0,62
"BBS",1034,"RUDU",-77.584975,39.2649107,"840_88_102","2017-06-25",0,0,0,62
"BBS",1035,"WODU",-77.584975,39.2649107,"840_88_102","2017-06-25",0,0,0,62
"BBS",1036,"ABDU",-77.584975,39.2649107,"840_88_102","2018-06-24",0,0,0,66
"BBS",1037,"CAGO",-77.584975,39.2649107,"840_88_102","2018-06-24",48,1,4,66
"BBS",1038,"MALL",-77.584975,39.2649107,"840_88_102","2018-06-24",2,1,1,66
"BBS",1039,"RUDU",-77.584975,39.2649107,"840_88_102","2018-06-24",0,0,0,66
"BBS",1040,"WODU",-77.584975,39.2649107,"840_88_102","2018-06-24",0,0,0,66
"BBS",1041,"ABDU",-77.584975,39.2649107,"840_88_102","2019-06-23",0,0,0,64
"BBS",1042,"CAGO",-77.584975,39.2649107,"840_88_102","2019-06-23",76,1,4,64
"BBS",1043,"MALL",-77.584975,39.2649107,"840_88_102","2019-06-23",0,0,0,64
"BBS",1044,"RUDU",-77.584975,39.2649107,"840_88_102","2019-06-23",0,0,0,64
"BBS",1045,"WODU",-77.584975,39.2649107,"840_88_102","2019-06-23",0,0,0,64
"BBS",1046,"ABDU",-77.584975,39.2649107,"840_88_102","2021-06-20",0,0,0,60
"BBS",1047,"CAGO",-77.584975,39.2649107,"840_88_102","2021-06-20",24,1,2,60
"BBS",1048,"MALL",-77.584975,39.2649107,"840_88_102","2021-06-20",1,1,1,60
"BBS",1049,"RUDU",-77.584975,39.2649107,"840_88_102","2021-06-20",0,0,0,60
"BBS",1050,"WODU",-77.584975,39.2649107,"840_88_102","2021-06-20",0,0,0,60
"BBS",1051,"ABDU",-77.1604648,37.1015582,"840_88_127","2016-06-12",0,0,0,67
"BBS",1052,"CAGO",-77.1604648,37.1015582,"840_88_127","2016-06-12",0,0,0,67
"BBS",1053,"MALL",-77.1604648,37.1015582,"840_88_127","2016-06-12",0,0,0,67
"BBS",1054,"RUDU",-77.1604648,37.1015582,"840_88_127","2016-06-12",0,0,0,67
"BBS",1055,"WODU",-77.1604648,37.1015582,"840_88_127","2016-06-12",0,0,0,67
"BBS",1056,"ABDU",-77.1604648,37.1015582,"840_88_127","2017-06-16",0,0,0,65
"BBS",1057,"CAGO",-77.1604648,37.1015582,"840_88_127","2017-06-16",14,1,1,65
"BBS",1058,"MALL",-77.1604648,37.1015582,"840_88_127","2017-06-16",0,0,0,65
"BBS",1059,"RUDU",-77.1604648,37.1015582,"840_88_127","2017-06-16",0,0,0,65
"BBS",1060,"WODU",-77.1604648,37.1015582,"840_88_127","2017-06-16",0,0,0,65
"BBS",1061,"ABDU",-77.6223439,37.2171627,"840_88_28","2016-06-19",0,0,0,60
"BBS",1062,"CAGO",-77.6223439,37.2171627,"840_88_28","2016-06-19",0,0,0,60
"BBS",1063,"MALL",-77.6223439,37.2171627,"840_88_28","2016-06-19",0,0,0,60
"BBS",1064,"RUDU",-77.6223439,37.2171627,"840_88_28","2016-06-19",0,0,0,60
"BBS",1065,"WODU",-77.6223439,37.2171627,"840_88_28","2016-06-19",0,0,0,60
"BBS",1066,"ABDU",-77.6223439,37.2171627,"840_88_28","2017-06-04",0,0,0,59
"BBS",1067,"CAGO",-77.6223439,37.2171627,"840_88_28","2017-06-04",0,0,0,59
"BBS",1068,"MALL",-77.6223439,37.2171627,"840_88_28","2017-06-04",0,0,0,59
"BBS",1069,"RUDU",-77.6223439,37.2171627,"840_88_28","2017-06-04",0,0,0,59
"BBS",1070,"WODU",-77.6223439,37.2171627,"840_88_28","2017-06-04",2,1,1,59
"BBS",1071,"ABDU",-77.6223439,37.2171627,"840_88_28","2018-06-17",0,0,0,60
"BBS",1072,"CAGO",-77.6223439,37.2171627,"840_88_28","2018-06-17",0,0,0,60
"BBS",1073,"MALL",-77.6223439,37.2171627,"840_88_28","2018-06-17",0,0,0,60
"BBS",1074,"RUDU",-77.6223439,37.2171627,"840_88_28","2018-06-17",0,0,0,60
"BBS",1075,"WODU",-77.6223439,37.2171627,"840_88_28","2018-06-17",2,1,1,60
"BBS",1076,"ABDU",-77.6223439,37.2171627,"840_88_28","2019-06-02",0,0,0,58
"BBS",1077,"CAGO",-77.6223439,37.2171627,"840_88_28","2019-06-02",4,1,1,58
"BBS",1078,"MALL",-77.6223439,37.2171627,"840_88_28","2019-06-02",0,0,0,58
"BBS",1079,"RUDU",-77.6223439,37.2171627,"840_88_28","2019-06-02",0,0,0,58
"BBS",1080,"WODU",-77.6223439,37.2171627,"840_88_28","2019-06-02",0,0,0,58
"BBS",1081,"ABDU",-77.6223439,37.2171627,"840_88_28","2021-06-13",0,0,0,55
"BBS",1082,"CAGO",-77.6223439,37.2171627,"840_88_28","2021-06-13",0,0,0,55
"BBS",1083,"MALL",-77.6223439,37.2171627,"840_88_28","2021-06-13",0,0,0,55
"BBS",1084,"RUDU",-77.6223439,37.2171627,"840_88_28","2021-06-13",0,0,0,55
"BBS",1085,"WODU",-77.6223439,37.2171627,"840_88_28","2021-06-13",0,0,0,55
"BBS",1086,"ABDU",-76.341428,37.6595013,"840_88_29","2016-06-19",0,0,0,60
"BBS",1087,"CAGO",-76.341428,37.6595013,"840_88_29","2016-06-19",0,0,0,60
"BBS",1088,"MALL",-76.341428,37.6595013,"840_88_29","2016-06-19",0,0,0,60
"BBS",1089,"RUDU",-76.341428,37.6595013,"840_88_29","2016-06-19",0,0,0,60
"BBS",1090,"WODU",-76.341428,37.6595013,"840_88_29","2016-06-19",0,0,0,60
"BBS",1091,"ABDU",-76.341428,37.6595013,"840_88_29","2017-06-11",0,0,0,51
"BBS",1092,"CAGO",-76.341428,37.6595013,"840_88_29","2017-06-11",0,0,0,51
"BBS",1093,"MALL",-76.341428,37.6595013,"840_88_29","2017-06-11",0,0,0,51
"BBS",1094,"RUDU",-76.341428,37.6595013,"840_88_29","2017-06-11",0,0,0,51
"BBS",1095,"WODU",-76.341428,37.6595013,"840_88_29","2017-06-11",0,0,0,51
"BBS",1096,"ABDU",-76.341428,37.6595013,"840_88_29","2018-06-20",0,0,0,61
"BBS",1097,"CAGO",-76.341428,37.6595013,"840_88_29","2018-06-20",0,0,0,61
"BBS",1098,"MALL",-76.341428,37.6595013,"840_88_29","2018-06-20",1,1,1,61
"BBS",1099,"RUDU",-76.341428,37.6595013,"840_88_29","2018-06-20",0,0,0,61
"BBS",1100,"WODU",-76.341428,37.6595013,"840_88_29","2018-06-20",0,0,0,61
"BBS",1101,"ABDU",-76.341428,37.6595013,"840_88_29","2019-06-05",0,0,0,56
"BBS",1102,"CAGO",-76.341428,37.6595013,"840_88_29","2019-06-05",9,1,2,56
"BBS",1103,"MALL",-76.341428,37.6595013,"840_88_29","2019-06-05",0,0,0,56
"BBS",1104,"RUDU",-76.341428,37.6595013,"840_88_29","2019-06-05",0,0,0,56
"BBS",1105,"WODU",-76.341428,37.6595013,"840_88_29","2019-06-05",2,1,1,56
"BBS",1106,"ABDU",-76.341428,37.6595013,"840_88_29","2021-06-06",0,0,0,64
"BBS",1107,"CAGO",-76.341428,37.6595013,"840_88_29","2021-06-06",4,1,1,64
"BBS",1108,"MALL",-76.341428,37.6595013,"840_88_29","2021-06-06",3,1,1,64
"BBS",1109,"RUDU",-76.341428,37.6595013,"840_88_29","2021-06-06",0,0,0,64
"BBS",1110,"WODU",-76.341428,37.6595013,"840_88_29","2021-06-06",0,0,0,64
"BBS",1111,"ABDU",-76.6789481,37.8800004,"840_88_30","2016-06-10",0,0,0,62
"BBS",1112,"CAGO",-76.6789481,37.8800004,"840_88_30","2016-06-10",0,0,0,62
"BBS",1113,"MALL",-76.6789481,37.8800004,"840_88_30","2016-06-10",0,0,0,62
"BBS",1114,"RUDU",-76.6789481,37.8800004,"840_88_30","2016-06-10",0,0,0,62
"BBS",1115,"WODU",-76.6789481,37.8800004,"840_88_30","2016-06-10",0,0,0,62
"BBS",1116,"ABDU",-76.6789481,37.8800004,"840_88_30","2018-06-25",0,0,0,55
"BBS",1117,"CAGO",-76.6789481,37.8800004,"840_88_30","2018-06-25",0,0,0,55
"BBS",1118,"MALL",-76.6789481,37.8800004,"840_88_30","2018-06-25",0,0,0,55
"BBS",1119,"RUDU",-76.6789481,37.8800004,"840_88_30","2018-06-25",0,0,0,55
"BBS",1120,"WODU",-76.6789481,37.8800004,"840_88_30","2018-06-25",0,0,0,55
"BBS",1121,"ABDU",-76.6789481,37.8800004,"840_88_30","2019-06-06",0,0,0,57
"BBS",1122,"CAGO",-76.6789481,37.8800004,"840_88_30","2019-06-06",0,0,0,57
"BBS",1123,"MALL",-76.6789481,37.8800004,"840_88_30","2019-06-06",0,0,0,57
"BBS",1124,"RUDU",-76.6789481,37.8800004,"840_88_30","2019-06-06",0,0,0,57
"BBS",1125,"WODU",-76.6789481,37.8800004,"840_88_30","2019-06-06",0,0,0,57
"BBS",1126,"ABDU",-76.6789481,37.8800004,"840_88_30","2021-06-06",0,0,0,66
"BBS",1127,"CAGO",-76.6789481,37.8800004,"840_88_30","2021-06-06",2,1,1,66
"BBS",1128,"MALL",-76.6789481,37.8800004,"840_88_30","2021-06-06",0,0,0,66
"BBS",1129,"RUDU",-76.6789481,37.8800004,"840_88_30","2021-06-06",0,0,0,66
"BBS",1130,"WODU",-76.6789481,37.8800004,"840_88_30","2021-06-06",0,0,0,66
"BBS",1131,"ABDU",-76.9863819,37.0842847,"840_88_31","2017-06-30",0,0,0,63
"BBS",1132,"CAGO",-76.9863819,37.0842847,"840_88_31","2017-06-30",0,0,0,63
"BBS",1133,"MALL",-76.9863819,37.0842847,"840_88_31","2017-06-30",0,0,0,63
"BBS",1134,"RUDU",-76.9863819,37.0842847,"840_88_31","2017-06-30",0,0,0,63
"BBS",1135,"WODU",-76.9863819,37.0842847,"840_88_31","2017-06-30",0,0,0,63
"BBS",1136,"ABDU",-76.9863819,37.0842847,"840_88_31","2018-07-01",0,0,0,66
"BBS",1137,"CAGO",-76.9863819,37.0842847,"840_88_31","2018-07-01",0,0,0,66
"BBS",1138,"MALL",-76.9863819,37.0842847,"840_88_31","2018-07-01",0,0,0,66
"BBS",1139,"RUDU",-76.9863819,37.0842847,"840_88_31","2018-07-01",0,0,0,66
"BBS",1140,"WODU",-76.9863819,37.0842847,"840_88_31","2018-07-01",0,0,0,66
"BBS",1141,"ABDU",-76.9863819,37.0842847,"840_88_31","2019-06-28",0,0,0,67
"BBS",1142,"CAGO",-76.9863819,37.0842847,"840_88_31","2019-06-28",0,0,0,67
"BBS",1143,"MALL",-76.9863819,37.0842847,"840_88_31","2019-06-28",0,0,0,67
"BBS",1144,"RUDU",-76.9863819,37.0842847,"840_88_31","2019-06-28",0,0,0,67
"BBS",1145,"WODU",-76.9863819,37.0842847,"840_88_31","2019-06-28",0,0,0,67
"BBS",1146,"ABDU",-75.7320849,37.5482647,"840_88_32","2018-07-02",0,0,0,60
"BBS",1147,"CAGO",-75.7320849,37.5482647,"840_88_32","2018-07-02",11,1,1,60
"BBS",1148,"MALL",-75.7320849,37.5482647,"840_88_32","2018-07-02",0,0,0,60
"BBS",1149,"RUDU",-75.7320849,37.5482647,"840_88_32","2018-07-02",0,0,0,60
"BBS",1150,"WODU",-75.7320849,37.5482647,"840_88_32","2018-07-02",0,0,0,60
"BBS",1151,"ABDU",-77.1454409,36.6057147,"840_88_43","2016-06-05",0,0,0,73
"BBS",1152,"CAGO",-77.1454409,36.6057147,"840_88_43","2016-06-05",21,1,1,73
"BBS",1153,"MALL",-77.1454409,36.6057147,"840_88_43","2016-06-05",0,0,0,73
"BBS",1154,"RUDU",-77.1454409,36.6057147,"840_88_43","2016-06-05",0,0,0,73
"BBS",1155,"WODU",-77.1454409,36.6057147,"840_88_43","2016-06-05",0,0,0,73
"BBS",1156,"ABDU",-77.1454409,36.6057147,"840_88_43","2017-06-14",0,0,0,63
"BBS",1157,"CAGO",-77.1454409,36.6057147,"840_88_43","2017-06-14",0,0,0,63
"BBS",1158,"MALL",-77.1454409,36.6057147,"840_88_43","2017-06-14",0,0,0,63
"BBS",1159,"RUDU",-77.1454409,36.6057147,"840_88_43","2017-06-14",0,0,0,63
"BBS",1160,"WODU",-77.1454409,36.6057147,"840_88_43","2017-06-14",0,0,0,63
"BBS",1161,"ABDU",-77.2865338,36.5960851,"840_88_44","2016-06-06",0,0,0,70
"BBS",1162,"CAGO",-77.2865338,36.5960851,"840_88_44","2016-06-06",6,1,2,70
"BBS",1163,"MALL",-77.2865338,36.5960851,"840_88_44","2016-06-06",0,0,0,70
"BBS",1164,"RUDU",-77.2865338,36.5960851,"840_88_44","2016-06-06",0,0,0,70
"BBS",1165,"WODU",-77.2865338,36.5960851,"840_88_44","2016-06-06",6,1,1,70
"BBS",1166,"ABDU",-77.2865338,36.5960851,"840_88_44","2017-06-06",0,0,0,71
"BBS",1167,"CAGO",-77.2865338,36.5960851,"840_88_44","2017-06-06",0,0,0,71
"BBS",1168,"MALL",-77.2865338,36.5960851,"840_88_44","2017-06-06",0,0,0,71
"BBS",1169,"RUDU",-77.2865338,36.5960851,"840_88_44","2017-06-06",0,0,0,71
"BBS",1170,"WODU",-77.2865338,36.5960851,"840_88_44","2017-06-06",1,1,1,71
"BBS",1171,"ABDU",-76.0167249,36.7293227,"840_88_48","2017-06-10",0,0,0,60
"BBS",1172,"CAGO",-76.0167249,36.7293227,"840_88_48","2017-06-10",7,1,1,60
"BBS",1173,"MALL",-76.0167249,36.7293227,"840_88_48","2017-06-10",4,1,3,60
"BBS",1174,"RUDU",-76.0167249,36.7293227,"840_88_48","2017-06-10",0,0,0,60
"BBS",1175,"WODU",-76.0167249,36.7293227,"840_88_48","2017-06-10",2,1,1,60
"BBS",1176,"ABDU",-76.0167249,36.7293227,"840_88_48","2018-06-09",0,0,0,65
"BBS",1177,"CAGO",-76.0167249,36.7293227,"840_88_48","2018-06-09",5,1,1,65
"BBS",1178,"MALL",-76.0167249,36.7293227,"840_88_48","2018-06-09",0,0,0,65
"BBS",1179,"RUDU",-76.0167249,36.7293227,"840_88_48","2018-06-09",0,0,0,65
"BBS",1180,"WODU",-76.0167249,36.7293227,"840_88_48","2018-06-09",0,0,0,65
"BBS",1181,"ABDU",-76.0167249,36.7293227,"840_88_48","2019-06-22",0,0,0,56
"BBS",1182,"CAGO",-76.0167249,36.7293227,"840_88_48","2019-06-22",0,0,0,56
"BBS",1183,"MALL",-76.0167249,36.7293227,"840_88_48","2019-06-22",0,0,0,56
"BBS",1184,"RUDU",-76.0167249,36.7293227,"840_88_48","2019-06-22",0,0,0,56
"BBS",1185,"WODU",-76.0167249,36.7293227,"840_88_48","2019-06-22",0,0,0,56
"BBS",1186,"ABDU",-76.0167249,36.7293227,"840_88_48","2021-06-13",0,0,0,66
"BBS",1187,"CAGO",-76.0167249,36.7293227,"840_88_48","2021-06-13",0,0,0,66
"BBS",1188,"MALL",-76.0167249,36.7293227,"840_88_48","2021-06-13",0,0,0,66
"BBS",1189,"RUDU",-76.0167249,36.7293227,"840_88_48","2021-06-13",0,0,0,66
"BBS",1190,"WODU",-76.0167249,36.7293227,"840_88_48","2021-06-13",1,1,1,66
"BBS",1191,"ABDU",-76.4739316,37.4990712,"840_88_910","2016-06-26",0,0,0,57
"BBS",1192,"CAGO",-76.4739316,37.4990712,"840_88_910","2016-06-26",0,0,0,57
"BBS",1193,"MALL",-76.4739316,37.4990712,"840_88_910","2016-06-26",0,0,0,57
"BBS",1194,"RUDU",-76.4739316,37.4990712,"840_88_910","2016-06-26",0,0,0,57
"BBS",1195,"WODU",-76.4739316,37.4990712,"840_88_910","2016-06-26",0,0,0,57
"BBS",1196,"ABDU",-76.4739316,37.4990712,"840_88_910","2017-06-11",0,0,0,62
"BBS",1197,"CAGO",-76.4739316,37.4990712,"840_88_910","2017-06-11",6,1,1,62
"BBS",1198,"MALL",-76.4739316,37.4990712,"840_88_910","2017-06-11",0,0,0,62
"BBS",1199,"RUDU",-76.4739316,37.4990712,"840_88_910","2017-06-11",0,0,0,62
"BBS",1200,"WODU",-76.4739316,37.4990712,"840_88_910","2017-06-11",0,0,0,62
"BBS",1201,"ABDU",-76.4739316,37.4990712,"840_88_910","2019-06-30",0,0,0,56
"BBS",1202,"CAGO",-76.4739316,37.4990712,"840_88_910","2019-06-30",0,0,0,56
"BBS",1203,"MALL",-76.4739316,37.4990712,"840_88_910","2019-06-30",0,0,0,56
"BBS",1204,"RUDU",-76.4739316,37.4990712,"840_88_910","2019-06-30",0,0,0,56
"BBS",1205,"WODU",-76.4739316,37.4990712,"840_88_910","2019-06-30",0,0,0,56
"BBS",1206,"ABDU",-76.4739316,37.4990712,"840_88_910","2021-06-06",0,0,0,53
"BBS",1207,"CAGO",-76.4739316,37.4990712,"840_88_910","2021-06-06",0,0,0,53
"BBS",1208,"MALL",-76.4739316,37.4990712,"840_88_910","2021-06-06",0,0,0,53
"BBS",1209,"RUDU",-76.4739316,37.4990712,"840_88_910","2021-06-06",0,0,0,53
"BBS",1210,"WODU",-76.4739316,37.4990712,"840_88_910","2021-06-06",0,0,0,53
"BBS",1211,"ABDU",-76.9000469,37.4400627,"840_88_911","2016-06-10",0,0,0,68
"BBS",1212,"CAGO",-76.9000469,37.4400627,"840_88_911","2016-06-10",2,1,1,68
"BBS",1213,"MALL",-76.9000469,37.4400627,"840_88_911","2016-06-10",0,0,0,68
"BBS",1214,"RUDU",-76.9000469,37.4400627,"840_88_911","2016-06-10",0,0,0,68
"BBS",1215,"WODU",-76.9000469,37.4400627,"840_88_911","2016-06-10",0,0,0,68
"BBS",1216,"ABDU",-76.9000469,37.4400627,"840_88_911","2019-06-25",0,0,0,60
"BBS",1217,"CAGO",-76.9000469,37.4400627,"840_88_911","2019-06-25",0,0,0,60
"BBS",1218,"MALL",-76.9000469,37.4400627,"840_88_911","2019-06-25",0,0,0,60
"BBS",1219,"RUDU",-76.9000469,37.4400627,"840_88_911","2019-06-25",0,0,0,60
"BBS",1220,"WODU",-76.9000469,37.4400627,"840_88_911","2019-06-25",1,1,1,60
"BBS",1221,"ABDU",-76.9000469,37.4400627,"840_88_911","2021-06-15",0,0,0,66
"BBS",1222,"CAGO",-76.9000469,37.4400627,"840_88_911","2021-06-15",0,0,0,66
"BBS",1223,"MALL",-76.9000469,37.4400627,"840_88_911","2021-06-15",1,1,1,66
"BBS",1224,"RUDU",-76.9000469,37.4400627,"840_88_911","2021-06-15",0,0,0,66
"BBS",1225,"WODU",-76.9000469,37.4400627,"840_88_911","2021-06-15",0,0,0,66
"BBS",1226,"ABDU",-76.7997409,37.7338847,"840_88_914","2016-06-21",0,0,0,65
"BBS",1227,"CAGO",-76.7997409,37.7338847,"840_88_914","2016-06-21",0,0,0,65
"BBS",1228,"MALL",-76.7997409,37.7338847,"840_88_914","2016-06-21",0,0,0,65
"BBS",1229,"RUDU",-76.7997409,37.7338847,"840_88_914","2016-06-21",0,0,0,65
"BBS",1230,"WODU",-76.7997409,37.7338847,"840_88_914","2016-06-21",0,0,0,65
"BBS",1231,"ABDU",-76.7997409,37.7338847,"840_88_914","2017-07-07",0,0,0,68
"BBS",1232,"CAGO",-76.7997409,37.7338847,"840_88_914","2017-07-07",0,0,0,68
"BBS",1233,"MALL",-76.7997409,37.7338847,"840_88_914","2017-07-07",0,0,0,68
"BBS",1234,"RUDU",-76.7997409,37.7338847,"840_88_914","2017-07-07",0,0,0,68
"BBS",1235,"WODU",-76.7997409,37.7338847,"840_88_914","2017-07-07",0,0,0,68
"BBS",1236,"ABDU",-76.7997409,37.7338847,"840_88_914","2018-07-02",0,0,0,67
"BBS",1237,"CAGO",-76.7997409,37.7338847,"840_88_914","2018-07-02",0,0,0,67
"BBS",1238,"MALL",-76.7997409,37.7338847,"840_88_914","2018-07-02",0,0,0,67
"BBS",1239,"RUDU",-76.7997409,37.7338847,"840_88_914","2018-07-02",0,0,0,67
"BBS",1240,"WODU",-76.7997409,37.7338847,"840_88_914","2018-07-02",0,0,0,67
"BBS",1241,"ABDU",-76.7997409,37.7338847,"840_88_914","2019-06-28",0,0,0,62
"BBS",1242,"CAGO",-76.7997409,37.7338847,"840_88_914","2019-06-28",0,0,0,62
"BBS",1243,"MALL",-76.7997409,37.7338847,"840_88_914","2019-06-28",0,0,0,62
"BBS",1244,"RUDU",-76.7997409,37.7338847,"840_88_914","2019-06-28",0,0,0,62
"BBS",1245,"WODU",-76.7997409,37.7338847,"840_88_914","2019-06-28",3,1,2,62
"BBS",1246,"ABDU",-76.7997409,37.7338847,"840_88_914","2021-06-22",0,0,0,62
"BBS",1247,"CAGO",-76.7997409,37.7338847,"840_88_914","2021-06-22",0,0,0,62
"BBS",1248,"MALL",-76.7997409,37.7338847,"840_88_914","2021-06-22",0,0,0,62
"BBS",1249,"RUDU",-76.7997409,37.7338847,"840_88_914","2021-06-22",0,0,0,62
"BBS",1250,"WODU",-76.7997409,37.7338847,"840_88_914","2021-06-22",0,0,0,62
"BBS",1251,"ABDU",-76.9600889,37.2558307,"840_88_915","2016-06-19",0,0,0,57
"BBS",1252,"CAGO",-76.9600889,37.2558307,"840_88_915","2016-06-19",0,0,0,57
"BBS",1253,"MALL",-76.9600889,37.2558307,"840_88_915","2016-06-19",0,0,0,57
"BBS",1254,"RUDU",-76.9600889,37.2558307,"840_88_915","2016-06-19",0,0,0,57
"BBS",1255,"WODU",-76.9600889,37.2558307,"840_88_915","2016-06-19",4,1,1,57
"BBS",1256,"ABDU",-76.9600889,37.2558307,"840_88_915","2017-07-02",0,0,0,58
"BBS",1257,"CAGO",-76.9600889,37.2558307,"840_88_915","2017-07-02",0,0,0,58
"BBS",1258,"MALL",-76.9600889,37.2558307,"840_88_915","2017-07-02",0,0,0,58
"BBS",1259,"RUDU",-76.9600889,37.2558307,"840_88_915","2017-07-02",0,0,0,58
"BBS",1260,"WODU",-76.9600889,37.2558307,"840_88_915","2017-07-02",3,1,1,58
"BBS",1261,"ABDU",-76.9600889,37.2558307,"840_88_915","2018-06-24",0,0,0,50
"BBS",1262,"CAGO",-76.9600889,37.2558307,"840_88_915","2018-06-24",0,0,0,50
"BBS",1263,"MALL",-76.9600889,37.2558307,"840_88_915","2018-06-24",0,0,0,50
"BBS",1264,"RUDU",-76.9600889,37.2558307,"840_88_915","2018-06-24",0,0,0,50
"BBS",1265,"WODU",-76.9600889,37.2558307,"840_88_915","2018-06-24",5,1,1,50
"BBS",1266,"ABDU",-76.9600889,37.2558307,"840_88_915","2019-06-30",0,0,0,52
"BBS",1267,"CAGO",-76.9600889,37.2558307,"840_88_915","2019-06-30",0,0,0,52
"BBS",1268,"MALL",-76.9600889,37.2558307,"840_88_915","2019-06-30",0,0,0,52
"BBS",1269,"RUDU",-76.9600889,37.2558307,"840_88_915","2019-06-30",0,0,0,52
"BBS",1270,"WODU",-76.9600889,37.2558307,"840_88_915","2019-06-30",0,0,0,52
"BBS",1271,"ABDU",-76.9600889,37.2558307,"840_88_915","2021-07-06",0,0,0,62
"BBS",1272,"CAGO",-76.9600889,37.2558307,"840_88_915","2021-07-06",0,0,0,62
"BBS",1273,"MALL",-76.9600889,37.2558307,"840_88_915","2021-07-06",0,0,0,62
"BBS",1274,"RUDU",-76.9600889,37.2558307,"840_88_915","2021-07-06",0,0,0,62
"BBS",1275,"WODU",-76.9600889,37.2558307,"840_88_915","2021-07-06",0,0,0,62
"BBS",1276,"ABDU",-75.4288763,37.9864539,"840_88_916","2016-06-02",1,1,1,77
"BBS",1277,"CAGO",-75.4288763,37.9864539,"840_88_916","2016-06-02",140,1,1,77
"BBS",1278,"MALL",-75.4288763,37.9864539,"840_88_916","2016-06-02",0,0,0,77
"BBS",1279,"RUDU",-75.4288763,37.9864539,"840_88_916","2016-06-02",0,0,0,77
"BBS",1280,"WODU",-75.4288763,37.9864539,"840_88_916","2016-06-02",0,0,0,77
"BBS",1281,"ABDU",-75.4288763,37.9864539,"840_88_916","2017-06-16",0,0,0,73
"BBS",1282,"CAGO",-75.4288763,37.9864539,"840_88_916","2017-06-16",130,1,1,73
"BBS",1283,"MALL",-75.4288763,37.9864539,"840_88_916","2017-06-16",0,0,0,73
"BBS",1284,"RUDU",-75.4288763,37.9864539,"840_88_916","2017-06-16",0,0,0,73
"BBS",1285,"WODU",-75.4288763,37.9864539,"840_88_916","2017-06-16",1,1,1,73
"BBS",1286,"ABDU",-75.4288763,37.9864539,"840_88_916","2018-06-10",16,1,1,72
"BBS",1287,"CAGO",-75.4288763,37.9864539,"840_88_916","2018-06-10",61,1,4,72
"BBS",1288,"MALL",-75.4288763,37.9864539,"840_88_916","2018-06-10",1,1,1,72
"BBS",1289,"RUDU",-75.4288763,37.9864539,"840_88_916","2018-06-10",0,0,0,72
"BBS",1290,"WODU",-75.4288763,37.9864539,"840_88_916","2018-06-10",0,0,0,72
"BBS",1291,"ABDU",-75.4288763,37.9864539,"840_88_916","2019-06-30",2,1,1,66
"BBS",1292,"CAGO",-75.4288763,37.9864539,"840_88_916","2019-06-30",64,1,2,66
"BBS",1293,"MALL",-75.4288763,37.9864539,"840_88_916","2019-06-30",0,0,0,66
"BBS",1294,"RUDU",-75.4288763,37.9864539,"840_88_916","2019-06-30",0,0,0,66
"BBS",1295,"WODU",-75.4288763,37.9864539,"840_88_916","2019-06-30",2,1,1,66
"BBS",1296,"ABDU",-75.4288763,37.9864539,"840_88_916","2021-06-08",6,1,1,66
"BBS",1297,"CAGO",-75.4288763,37.9864539,"840_88_916","2021-06-08",87,1,3,66
"BBS",1298,"MALL",-75.4288763,37.9864539,"840_88_916","2021-06-08",1,1,1,66
"BBS",1299,"RUDU",-75.4288763,37.9864539,"840_88_916","2021-06-08",0,0,0,66
"BBS",1300,"WODU",-75.4288763,37.9864539,"840_88_916","2021-06-08",0,0,0,66
"BBS",1301,"ABDU",-75.9688638,37.1171662,"840_88_917","2017-06-04",0,0,0,53
"BBS",1302,"CAGO",-75.9688638,37.1171662,"840_88_917","2017-06-04",0,0,0,53
"BBS",1303,"MALL",-75.9688638,37.1171662,"840_88_917","2017-06-04",0,0,0,53
"BBS",1304,"RUDU",-75.9688638,37.1171662,"840_88_917","2017-06-04",0,0,0,53
"BBS",1305,"WODU",-75.9688638,37.1171662,"840_88_917","2017-06-04",0,0,0,53
"BBS",1306,"ABDU",-75.9688638,37.1171662,"840_88_917","2018-07-01",0,0,0,46
"BBS",1307,"CAGO",-75.9688638,37.1171662,"840_88_917","2018-07-01",40,1,1,46
"BBS",1308,"MALL",-75.9688638,37.1171662,"840_88_917","2018-07-01",0,0,0,46
"BBS",1309,"RUDU",-75.9688638,37.1171662,"840_88_917","2018-07-01",0,0,0,46
"BBS",1310,"WODU",-75.9688638,37.1171662,"840_88_917","2018-07-01",0,0,0,46
"BBS",1311,"ABDU",-76.5594699,36.7154737,"840_88_918","2016-06-10",0,0,0,47
"BBS",1312,"CAGO",-76.5594699,36.7154737,"840_88_918","2016-06-10",0,0,0,47
"BBS",1313,"MALL",-76.5594699,36.7154737,"840_88_918","2016-06-10",0,0,0,47
"BBS",1314,"RUDU",-76.5594699,36.7154737,"840_88_918","2016-06-10",0,0,0,47
"BBS",1315,"WODU",-76.5594699,36.7154737,"840_88_918","2016-06-10",1,1,1,47
